-- MySQL dump 10.13  Distrib 5.7.12, for Win64 (x86_64)
--
-- Host: localhost    Database: fc_learn_db_schema
-- ------------------------------------------------------
-- Server version	5.7.14-log

/*!40101 SET @OLD_CHARACTER_SET_CLIENT=@@CHARACTER_SET_CLIENT */;
/*!40101 SET @OLD_CHARACTER_SET_RESULTS=@@CHARACTER_SET_RESULTS */;
/*!40101 SET @OLD_COLLATION_CONNECTION=@@COLLATION_CONNECTION */;
/*!40101 SET NAMES utf8 */;
/*!40103 SET @OLD_TIME_ZONE=@@TIME_ZONE */;
/*!40103 SET TIME_ZONE='+00:00' */;
/*!40014 SET @OLD_UNIQUE_CHECKS=@@UNIQUE_CHECKS, UNIQUE_CHECKS=0 */;
/*!40014 SET @OLD_FOREIGN_KEY_CHECKS=@@FOREIGN_KEY_CHECKS, FOREIGN_KEY_CHECKS=0 */;
/*!40101 SET @OLD_SQL_MODE=@@SQL_MODE, SQL_MODE='NO_AUTO_VALUE_ON_ZERO' */;
/*!40111 SET @OLD_SQL_NOTES=@@SQL_NOTES, SQL_NOTES=0 */;

--
-- Table structure for table `cards`
--

DROP TABLE IF EXISTS `cards`;
/*!40101 SET @saved_cs_client     = @@character_set_client */;
/*!40101 SET character_set_client = utf8 */;
CREATE TABLE `cards` (
  `id` bigint(20) NOT NULL AUTO_INCREMENT,
  `collection_id` bigint(20) NOT NULL,
  `question` varchar(4500) DEFAULT NULL,
  `answer` varchar(4500) DEFAULT NULL,
  `question_image` varchar(500) DEFAULT NULL,
  `answer_image` varchar(500) DEFAULT NULL,
  PRIMARY KEY (`id`),
  UNIQUE KEY `c_id_UNIQUE` (`id`),
  KEY `fk_cards_topics_idx` (`collection_id`),
  CONSTRAINT `fk_cards_topics` FOREIGN KEY (`collection_id`) REFERENCES `collections` (`id`) ON DELETE NO ACTION ON UPDATE NO ACTION
) ENGINE=InnoDB AUTO_INCREMENT=113 DEFAULT CHARSET=utf8;
/*!40101 SET character_set_client = @saved_cs_client */;

--
-- Dumping data for table `cards`
--

LOCK TABLES `cards` WRITE;
/*!40000 ALTER TABLE `cards` DISABLE KEYS */;
INSERT INTO `cards` VALUES (1,1,'LinkedList — это односвязный, двусвязный или четырехсвязный список?','Двухсвязный список: каждый элемент LinkedList хранит ссылку на предыдущий и следующий элементы.','http://dummyimage.com/162x229.bmp/ff4444/ffffff','http://dummyimage.com/236x230.png/5fa2dd/ffffff'),(2,2,'Duis at velit eu est congue elementum.','Curabitur convallis. Duis consequat dui nec nisi volutpat eleifend. Donec ut dolor. Morbi vel lectus in quam fringilla rhoncus.','http://dummyimage.com/104x104.png/5fa2dd/ffffff','http://dummyimage.com/192x147.jpg/ff4444/ffffff'),(3,3,'Suspendisse potenti. Cras in purus eu magna vulputate luctus. Cum sociis natoque penatibus et magnis dis parturient montes, nascetur ridiculus mus.','Etiam vel augue. Vestibulum rutrum rutrum neque. Aenean auctor gravida sem. Praesent id massa id nisl venenatis lacinia. Aenean sit amet justo. Morbi ut odio.','http://dummyimage.com/129x216.jpg/cc0000/ffffff','http://dummyimage.com/109x247.jpg/cc0000/ffffff'),(4,4,'Vestibulum ante ipsum primis in faucibus orci luctus et ultrices posuere cubilia Curae; Duis faucibus accumsan odio. Curabitur convallis. Duis consequat dui nec nisi volutpat eleifend.','Curabitur convallis. Duis consequat dui nec nisi volutpat eleifend. Donec ut dolor. Morbi vel lectus in quam fringilla rhoncus. Mauris enim leo, rhoncus sed, vestibulum sit amet, cursus id, turpis.','http://dummyimage.com/141x110.bmp/cc0000/ffffff','http://dummyimage.com/125x145.png/dddddd/000000'),(5,5,'Integer aliquet, massa id lobortis convallis, tortor risus dapibus augue, vel accumsan tellus nisi eu orci.','Curabitur in libero ut massa volutpat convallis. Morbi odio odio, elementum eu, interdum eu, tincidunt in, leo.','http://dummyimage.com/177x238.jpg/5fa2dd/ffffff','http://dummyimage.com/233x178.bmp/ff4444/ffffff'),(6,6,'Suspendisse ornare consequat lectus.','Donec ut mauris eget massa tempor convallis. Nulla neque libero, convallis eget, eleifend luctus, ultricies eu, nibh. Quisque id justo sit amet sapien dignissim vestibulum. Vestibulum ante ipsum primis in faucibus orci luctus et ultrices posuere cubilia Curae; Nulla dapibus dolor vel est.','http://dummyimage.com/201x224.png/cc0000/ffffff','http://dummyimage.com/109x244.bmp/5fa2dd/ffffff'),(7,7,'Lorem ipsum dolor sit amet, consectetuer adipiscing elit. Proin interdum mauris non ligula pellentesque ultrices. Phasellus id sapien in sapien iaculis congue.','Aliquam quis turpis eget elit sodales scelerisque.','http://dummyimage.com/175x170.bmp/cc0000/ffffff','http://dummyimage.com/114x156.bmp/5fa2dd/ffffff'),(8,8,'Fusce congue, diam id ornare imperdiet, sapien urna pretium nisl, ut volutpat sapien arcu sed augue.','Praesent lectus. Vestibulum quam sapien, varius ut, blandit non, interdum in, ante.','http://dummyimage.com/170x211.jpg/ff4444/ffffff','http://dummyimage.com/181x186.png/dddddd/000000'),(9,9,'In est risus, auctor sed, tristique in, tempus sit amet, sem.','In hac habitasse platea dictumst. Morbi vestibulum, velit id pretium iaculis, diam erat fermentum justo, nec condimentum neque sapien placerat ante. Nulla justo.','http://dummyimage.com/132x109.png/cc0000/ffffff','http://dummyimage.com/135x198.jpg/cc0000/ffffff'),(10,10,'Duis consequat dui nec nisi volutpat eleifend. Donec ut dolor.','Pellentesque ultrices mattis odio. Donec vitae nisi. Nam ultrices, libero non mattis pulvinar, nulla pede ullamcorper augue, a suscipit nulla elit ac nulla. Sed vel enim sit amet nunc viverra dapibus. Nulla suscipit ligula in lacus. Curabitur at ipsum ac tellus semper interdum.','http://dummyimage.com/226x141.bmp/ff4444/ffffff','http://dummyimage.com/193x178.jpg/ff4444/ffffff'),(11,11,'Ut tellus. Nulla ut erat id mauris vulputate elementum. Nullam varius.','Integer ac neque. Duis bibendum.','http://dummyimage.com/104x153.jpg/dddddd/000000','http://dummyimage.com/192x118.bmp/ff4444/ffffff'),(12,12,'Vivamus vel nulla eget eros elementum pellentesque. Quisque porta volutpat erat. Quisque erat eros, viverra eget, congue eget, semper rutrum, nulla.','Vestibulum ante ipsum primis in faucibus orci luctus et ultrices posuere cubilia Curae; Nulla dapibus dolor vel est. Donec odio justo, sollicitudin ut, suscipit a, feugiat et, eros.','http://dummyimage.com/115x211.jpg/ff4444/ffffff','http://dummyimage.com/200x236.jpg/cc0000/ffffff'),(13,13,'Donec ut mauris eget massa tempor convallis. Nulla neque libero, convallis eget, eleifend luctus, ultricies eu, nibh.','Maecenas pulvinar lobortis est. Phasellus sit amet erat. Nulla tempus. Vivamus in felis eu sapien cursus vestibulum. Proin eu mi.','http://dummyimage.com/124x196.bmp/5fa2dd/ffffff','http://dummyimage.com/134x235.bmp/ff4444/ffffff'),(14,14,'Vestibulum ante ipsum primis in faucibus orci luctus et ultrices posuere cubilia Curae; Mauris viverra diam vitae quam. Suspendisse potenti.','Sed sagittis. Nam congue, risus semper porta volutpat, quam pede lobortis ligula, sit amet eleifend pede libero quis orci. Nullam molestie nibh in lectus. Pellentesque at nulla.','http://dummyimage.com/230x118.png/cc0000/ffffff','http://dummyimage.com/183x170.png/cc0000/ffffff'),(15,15,'Cras mi pede, malesuada in, imperdiet et, commodo vulputate, justo. In blandit ultrices enim. Lorem ipsum dolor sit amet, consectetuer adipiscing elit.','Nulla nisl. Nunc nisl.','http://dummyimage.com/199x235.jpg/dddddd/000000','http://dummyimage.com/221x168.bmp/5fa2dd/ffffff'),(16,16,'Proin leo odio, porttitor id, consequat in, consequat ut, nulla. Sed accumsan felis.','Integer ac leo. Pellentesque ultrices mattis odio. Donec vitae nisi. Nam ultrices, libero non mattis pulvinar, nulla pede ullamcorper augue, a suscipit nulla elit ac nulla. Sed vel enim sit amet nunc viverra dapibus. Nulla suscipit ligula in lacus.','http://dummyimage.com/244x159.png/ff4444/ffffff','http://dummyimage.com/215x105.bmp/cc0000/ffffff'),(17,17,'Cras non velit nec nisi vulputate nonummy.','Maecenas leo odio, condimentum id, luctus nec, molestie sed, justo. Pellentesque viverra pede ac diam. Cras pellentesque volutpat dui.','http://dummyimage.com/195x117.bmp/dddddd/000000','http://dummyimage.com/153x238.jpg/cc0000/ffffff'),(18,18,'Duis ac nibh. Fusce lacus purus, aliquet at, feugiat non, pretium quis, lectus.','Integer ac leo. Pellentesque ultrices mattis odio.','http://dummyimage.com/190x245.png/dddddd/000000','http://dummyimage.com/237x240.jpg/dddddd/000000'),(19,19,'Proin risus. Praesent lectus. Vestibulum quam sapien, varius ut, blandit non, interdum in, ante.','Nam ultrices, libero non mattis pulvinar, nulla pede ullamcorper augue, a suscipit nulla elit ac nulla.','http://dummyimage.com/154x195.png/cc0000/ffffff','http://dummyimage.com/199x211.png/ff4444/ffffff'),(20,20,'Mauris enim leo, rhoncus sed, vestibulum sit amet, cursus id, turpis. Integer aliquet, massa id lobortis convallis, tortor risus dapibus augue, vel accumsan tellus nisi eu orci.','Phasellus sit amet erat. Nulla tempus. Vivamus in felis eu sapien cursus vestibulum. Proin eu mi. Nulla ac enim. In tempor, turpis nec euismod scelerisque, quam turpis adipiscing lorem, vitae mattis nibh ligula nec sem.','http://dummyimage.com/216x213.bmp/dddddd/000000','http://dummyimage.com/249x223.png/dddddd/000000'),(21,21,'Sed accumsan felis. Ut at dolor quis odio consequat varius.','Donec ut mauris eget massa tempor convallis. Nulla neque libero, convallis eget, eleifend luctus, ultricies eu, nibh. Quisque id justo sit amet sapien dignissim vestibulum. Vestibulum ante ipsum primis in faucibus orci luctus et ultrices posuere cubilia Curae; Nulla dapibus dolor vel est. Donec odio justo, sollicitudin ut, suscipit a, feugiat et, eros. Vestibulum ac est lacinia nisi venenatis tristique.','http://dummyimage.com/132x142.bmp/ff4444/ffffff','http://dummyimage.com/239x175.bmp/cc0000/ffffff'),(22,22,'In blandit ultrices enim. Lorem ipsum dolor sit amet, consectetuer adipiscing elit. Proin interdum mauris non ligula pellentesque ultrices.','Vivamus metus arcu, adipiscing molestie, hendrerit at, vulputate vitae, nisl. Aenean lectus. Pellentesque eget nunc. Donec quis orci eget orci vehicula condimentum. Curabitur in libero ut massa volutpat convallis.','http://dummyimage.com/120x192.png/ff4444/ffffff','http://dummyimage.com/130x113.png/5fa2dd/ffffff'),(23,23,'Mauris enim leo, rhoncus sed, vestibulum sit amet, cursus id, turpis.','Aenean auctor gravida sem.','http://dummyimage.com/207x135.bmp/5fa2dd/ffffff','http://dummyimage.com/174x230.jpg/5fa2dd/ffffff'),(24,24,'Suspendisse ornare consequat lectus. In est risus, auctor sed, tristique in, tempus sit amet, sem. Fusce consequat.','Donec diam neque, vestibulum eget, vulputate ut, ultrices vel, augue. Vestibulum ante ipsum primis in faucibus orci luctus et ultrices posuere cubilia Curae; Donec pharetra, magna vestibulum aliquet ultrices, erat tortor sollicitudin mi, sit amet lobortis sapien sapien non mi. Integer ac neque.','http://dummyimage.com/217x160.bmp/ff4444/ffffff','http://dummyimage.com/111x130.png/dddddd/000000'),(25,25,'Integer a nibh.','Nullam varius. Nulla facilisi. Cras non velit nec nisi vulputate nonummy. Maecenas tincidunt lacus at velit. Vivamus vel nulla eget eros elementum pellentesque. Quisque porta volutpat erat. Quisque erat eros, viverra eget, congue eget, semper rutrum, nulla.','http://dummyimage.com/191x125.png/dddddd/000000','http://dummyimage.com/136x175.png/ff4444/ffffff'),(26,26,'Morbi non quam nec dui luctus rutrum.','Aliquam quis turpis eget elit sodales scelerisque.','http://dummyimage.com/108x154.png/cc0000/ffffff','http://dummyimage.com/236x109.png/dddddd/000000'),(27,27,'Vestibulum ac est lacinia nisi venenatis tristique.','Vivamus tortor. Duis mattis egestas metus. Aenean fermentum.','http://dummyimage.com/127x112.bmp/cc0000/ffffff','http://dummyimage.com/139x213.png/5fa2dd/ffffff'),(28,28,'Etiam faucibus cursus urna.','In sagittis dui vel nisl.','http://dummyimage.com/239x116.png/ff4444/ffffff','http://dummyimage.com/172x191.jpg/dddddd/000000'),(29,29,'Lorem ipsum dolor sit amet, consectetuer adipiscing elit. Proin interdum mauris non ligula pellentesque ultrices.','Donec dapibus. Duis at velit eu est congue elementum. In hac habitasse platea dictumst. Morbi vestibulum, velit id pretium iaculis, diam erat fermentum justo, nec condimentum neque sapien placerat ante. Nulla justo. Aliquam quis turpis eget elit sodales scelerisque.','http://dummyimage.com/236x225.jpg/cc0000/ffffff','http://dummyimage.com/231x223.jpg/cc0000/ffffff'),(30,30,'Nulla facilisi. Cras non velit nec nisi vulputate nonummy. Maecenas tincidunt lacus at velit.','Vestibulum ante ipsum primis in faucibus orci luctus et ultrices posuere cubilia Curae; Mauris viverra diam vitae quam. Suspendisse potenti. Nullam porttitor lacus at turpis. Donec posuere metus vitae ipsum.','http://dummyimage.com/231x122.png/dddddd/000000','http://dummyimage.com/104x161.png/dddddd/000000'),(31,31,'Suspendisse accumsan tortor quis turpis.','Maecenas pulvinar lobortis est. Phasellus sit amet erat.','http://dummyimage.com/239x112.jpg/dddddd/000000','http://dummyimage.com/156x145.jpg/cc0000/ffffff'),(32,32,'Cras in purus eu magna vulputate luctus. Cum sociis natoque penatibus et magnis dis parturient montes, nascetur ridiculus mus. Vivamus vestibulum sagittis sapien.','Nullam porttitor lacus at turpis. Donec posuere metus vitae ipsum. Aliquam non mauris.','http://dummyimage.com/249x238.jpg/ff4444/ffffff','http://dummyimage.com/159x135.bmp/dddddd/000000'),(33,33,'Proin leo odio, porttitor id, consequat in, consequat ut, nulla. Sed accumsan felis.','Curabitur gravida nisi at nibh. In hac habitasse platea dictumst.','http://dummyimage.com/152x181.jpg/ff4444/ffffff','http://dummyimage.com/199x221.jpg/dddddd/000000'),(34,34,'Vestibulum ac est lacinia nisi venenatis tristique. Fusce congue, diam id ornare imperdiet, sapien urna pretium nisl, ut volutpat sapien arcu sed augue.','Suspendisse potenti. In eleifend quam a odio. In hac habitasse platea dictumst. Maecenas ut massa quis augue luctus tincidunt. Nulla mollis molestie lorem.','http://dummyimage.com/126x111.png/dddddd/000000','http://dummyimage.com/175x120.bmp/dddddd/000000'),(35,35,'Nulla suscipit ligula in lacus.','Proin at turpis a pede posuere nonummy. Integer non velit. Donec diam neque, vestibulum eget, vulputate ut, ultrices vel, augue. Vestibulum ante ipsum primis in faucibus orci luctus et ultrices posuere cubilia Curae; Donec pharetra, magna vestibulum aliquet ultrices, erat tortor sollicitudin mi, sit amet lobortis sapien sapien non mi.','http://dummyimage.com/178x202.jpg/ff4444/ffffff','http://dummyimage.com/175x159.png/5fa2dd/ffffff'),(36,6,'Proin at turpis a pede posuere nonummy. Integer non velit.','Vestibulum sed magna at nunc commodo placerat. Praesent blandit. Nam nulla. Integer pede justo, lacinia eget, tincidunt eget, tempus vel, pede. Morbi porttitor lorem id ligula.','http://dummyimage.com/182x179.jpg/dddddd/000000','http://dummyimage.com/156x153.bmp/ff4444/ffffff'),(37,7,'Proin risus. Praesent lectus. Vestibulum quam sapien, varius ut, blandit non, interdum in, ante.','Nam congue, risus semper porta volutpat, quam pede lobortis ligula, sit amet eleifend pede libero quis orci. Nullam molestie nibh in lectus. Pellentesque at nulla. Suspendisse potenti. Cras in purus eu magna vulputate luctus. Cum sociis natoque penatibus et magnis dis parturient montes, nascetur ridiculus mus.','http://dummyimage.com/153x189.bmp/ff4444/ffffff','http://dummyimage.com/163x139.png/cc0000/ffffff'),(38,8,'In hac habitasse platea dictumst. Aliquam augue quam, sollicitudin vitae, consectetuer eget, rutrum at, lorem. Integer tincidunt ante vel ipsum.','Nulla tellus. In sagittis dui vel nisl. Duis ac nibh. Fusce lacus purus, aliquet at, feugiat non, pretium quis, lectus. Suspendisse potenti. In eleifend quam a odio.','http://dummyimage.com/158x238.png/5fa2dd/ffffff','http://dummyimage.com/192x190.png/cc0000/ffffff'),(39,9,'Cras mi pede, malesuada in, imperdiet et, commodo vulputate, justo. In blandit ultrices enim. Lorem ipsum dolor sit amet, consectetuer adipiscing elit.','Morbi vestibulum, velit id pretium iaculis, diam erat fermentum justo, nec condimentum neque sapien placerat ante. Nulla justo.','http://dummyimage.com/218x200.jpg/ff4444/ffffff','http://dummyimage.com/135x177.png/ff4444/ffffff'),(40,4,'Vestibulum quam sapien, varius ut, blandit non, interdum in, ante. Vestibulum ante ipsum primis in faucibus orci luctus et ultrices posuere cubilia Curae; Duis faucibus accumsan odio.','Maecenas ut massa quis augue luctus tincidunt. Nulla mollis molestie lorem. Quisque ut erat. Curabitur gravida nisi at nibh. In hac habitasse platea dictumst. Aliquam augue quam, sollicitudin vitae, consectetuer eget, rutrum at, lorem. Integer tincidunt ante vel ipsum.','http://dummyimage.com/236x154.png/dddddd/000000','http://dummyimage.com/131x220.png/ff4444/ffffff'),(41,1,'Как перебрать все ключи Map учитывая, что Map — это не Iterable?','Использовать метод keySet(), который возвращает множество (Set<K>) ключей.','http://dummyimage.com/204x146.bmp/cc0000/ffffff','http://dummyimage.com/211x161.bmp/5fa2dd/ffffff'),(42,2,'Morbi a ipsum. Integer a nibh.','Donec diam neque, vestibulum eget, vulputate ut, ultrices vel, augue. Vestibulum ante ipsum primis in faucibus orci luctus et ultrices posuere cubilia Curae; Donec pharetra, magna vestibulum aliquet ultrices, erat tortor sollicitudin mi, sit amet lobortis sapien sapien non mi.','http://dummyimage.com/190x145.bmp/ff4444/ffffff','http://dummyimage.com/148x157.bmp/cc0000/ffffff'),(43,3,'In est risus, auctor sed, tristique in, tempus sit amet, sem. Fusce consequat.','Quisque erat eros, viverra eget, congue eget, semper rutrum, nulla. Nunc purus. Phasellus in felis. Donec semper sapien a libero. Nam dui. Proin leo odio, porttitor id, consequat in, consequat ut, nulla. Sed accumsan felis.','http://dummyimage.com/125x213.bmp/cc0000/ffffff','http://dummyimage.com/143x108.bmp/5fa2dd/ffffff'),(44,4,'Suspendisse ornare consequat lectus.','Quisque porta volutpat erat. Quisque erat eros, viverra eget, congue eget, semper rutrum, nulla. Nunc purus. Phasellus in felis.','http://dummyimage.com/137x183.png/5fa2dd/ffffff','http://dummyimage.com/170x192.jpg/5fa2dd/ffffff'),(45,5,'Donec ut dolor. Morbi vel lectus in quam fringilla rhoncus. Mauris enim leo, rhoncus sed, vestibulum sit amet, cursus id, turpis.','Donec dapibus. Duis at velit eu est congue elementum. In hac habitasse platea dictumst. Morbi vestibulum, velit id pretium iaculis, diam erat fermentum justo, nec condimentum neque sapien placerat ante.','http://dummyimage.com/224x172.png/5fa2dd/ffffff','http://dummyimage.com/224x118.bmp/5fa2dd/ffffff'),(46,6,'Nunc nisl.','Integer ac neque.','http://dummyimage.com/210x210.bmp/cc0000/ffffff','http://dummyimage.com/249x217.jpg/dddddd/000000'),(47,7,'Vestibulum ante ipsum primis in faucibus orci luctus et ultrices posuere cubilia Curae; Donec pharetra, magna vestibulum aliquet ultrices, erat tortor sollicitudin mi, sit amet lobortis sapien sapien non mi. Integer ac neque.','Vivamus in felis eu sapien cursus vestibulum. Proin eu mi. Nulla ac enim. In tempor, turpis nec euismod scelerisque, quam turpis adipiscing lorem, vitae mattis nibh ligula nec sem.','http://dummyimage.com/247x241.png/cc0000/ffffff','http://dummyimage.com/211x154.bmp/cc0000/ffffff'),(48,8,'Nulla tempus.','Vestibulum rutrum rutrum neque. Aenean auctor gravida sem. Praesent id massa id nisl venenatis lacinia. Aenean sit amet justo. Morbi ut odio. Cras mi pede, malesuada in, imperdiet et, commodo vulputate, justo. In blandit ultrices enim.','http://dummyimage.com/176x226.bmp/ff4444/ffffff','http://dummyimage.com/150x198.png/ff4444/ffffff'),(49,9,'Vivamus metus arcu, adipiscing molestie, hendrerit at, vulputate vitae, nisl.','Vestibulum rutrum rutrum neque. Aenean auctor gravida sem. Praesent id massa id nisl venenatis lacinia. Aenean sit amet justo. Morbi ut odio. Cras mi pede, malesuada in, imperdiet et, commodo vulputate, justo. In blandit ultrices enim.','http://dummyimage.com/116x242.png/ff4444/ffffff','http://dummyimage.com/169x150.jpg/5fa2dd/ffffff'),(50,5,'Fusce posuere felis sed lacus. Morbi sem mauris, laoreet ut, rhoncus aliquet, pulvinar sed, nisl. Nunc rhoncus dui vel sem.','Duis aliquam convallis nunc. Proin at turpis a pede posuere nonummy.','http://dummyimage.com/175x154.bmp/dddddd/000000','http://dummyimage.com/219x215.bmp/dddddd/000000'),(51,1,'Как перебрать все значения Map учитывая, что Map — это не Iterable?','Использовать метод values(), который возвращает коллекцию (Collection<V>) значений.','http://dummyimage.com/130x229.bmp/cc0000/ffffff','http://dummyimage.com/101x220.png/ff4444/ffffff'),(52,2,'Nunc purus. Phasellus in felis. Donec semper sapien a libero.','Quisque porta volutpat erat. Quisque erat eros, viverra eget, congue eget, semper rutrum, nulla. Nunc purus. Phasellus in felis. Donec semper sapien a libero.','http://dummyimage.com/224x219.bmp/dddddd/000000','http://dummyimage.com/173x183.bmp/5fa2dd/ffffff'),(53,3,'Proin leo odio, porttitor id, consequat in, consequat ut, nulla. Sed accumsan felis.','Fusce lacus purus, aliquet at, feugiat non, pretium quis, lectus. Suspendisse potenti. In eleifend quam a odio. In hac habitasse platea dictumst.','http://dummyimage.com/103x182.jpg/cc0000/ffffff','http://dummyimage.com/111x111.png/ff4444/ffffff'),(54,4,'Cras pellentesque volutpat dui. Maecenas tristique, est et tempus semper, est quam pharetra magna, ac consequat metus sapien ut nunc. Vestibulum ante ipsum primis in faucibus orci luctus et ultrices posuere cubilia Curae; Mauris viverra diam vitae quam.','Suspendisse potenti. Nullam porttitor lacus at turpis. Donec posuere metus vitae ipsum. Aliquam non mauris. Morbi non lectus.','http://dummyimage.com/247x146.bmp/dddddd/000000','http://dummyimage.com/130x147.bmp/ff4444/ffffff'),(55,5,'Suspendisse potenti. Nullam porttitor lacus at turpis.','Nam congue, risus semper porta volutpat, quam pede lobortis ligula, sit amet eleifend pede libero quis orci. Nullam molestie nibh in lectus. Pellentesque at nulla. Suspendisse potenti. Cras in purus eu magna vulputate luctus. Cum sociis natoque penatibus et magnis dis parturient montes, nascetur ridiculus mus.','http://dummyimage.com/102x103.jpg/ff4444/ffffff','http://dummyimage.com/114x132.png/cc0000/ffffff'),(56,6,'Nullam sit amet turpis elementum ligula vehicula consequat. Morbi a ipsum.','Aliquam erat volutpat. In congue. Etiam justo. Etiam pretium iaculis justo. In hac habitasse platea dictumst. Etiam faucibus cursus urna.','http://dummyimage.com/250x151.bmp/dddddd/000000','http://dummyimage.com/143x115.bmp/cc0000/ffffff'),(57,7,'Donec ut dolor. Morbi vel lectus in quam fringilla rhoncus.','Etiam faucibus cursus urna. Ut tellus. Nulla ut erat id mauris vulputate elementum. Nullam varius.','http://dummyimage.com/178x244.jpg/ff4444/ffffff','http://dummyimage.com/114x135.png/ff4444/ffffff'),(58,8,'Nulla ut erat id mauris vulputate elementum. Nullam varius.','Nunc rhoncus dui vel sem. Sed sagittis. Nam congue, risus semper porta volutpat, quam pede lobortis ligula, sit amet eleifend pede libero quis orci.','http://dummyimage.com/218x240.bmp/cc0000/ffffff','http://dummyimage.com/108x113.jpg/dddddd/000000'),(59,9,'Duis consequat dui nec nisi volutpat eleifend. Donec ut dolor. Morbi vel lectus in quam fringilla rhoncus.','Morbi ut odio. Cras mi pede, malesuada in, imperdiet et, commodo vulputate, justo. In blandit ultrices enim.','http://dummyimage.com/108x196.jpg/5fa2dd/ffffff','http://dummyimage.com/201x215.bmp/dddddd/000000'),(60,6,'Etiam justo. Etiam pretium iaculis justo.','Praesent lectus. Vestibulum quam sapien, varius ut, blandit non, interdum in, ante.','http://dummyimage.com/181x173.png/5fa2dd/ffffff','http://dummyimage.com/153x233.bmp/ff4444/ffffff'),(94,1,'Как перебрать все пары ключ-значение в Map учитывая, что Map — это не Iterable?','Использовать метод entrySet(), который возвращает множество (Set<Map.Entry<K, V>) пар \"ключ\"-\"значение\".','http://dummyimage.com/104x104.png/5fa2dd/ffffff','http://dummyimage.com/192x147.jpg/ff4444/ffffff'),(95,1,'Как между собой связаны Iterable, Iterator и «for-each» введенный в Java 5?','Экземпляры классов, реализующих интерфейс Iterable, могут использоваться в конструкции foreach.','http://dummyimage.com/129x216.jpg/cc0000/ffffff','http://dummyimage.com/109x247.jpg/cc0000/ffffff'),(96,1,'Наследование, полиморфизм, инкапсуляция, перегрузка. Что из перечисленного не является принципом ООП?','Перегрузка не является принципом ООП.','http://dummyimage.com/141x110.bmp/cc0000/ffffff','http://dummyimage.com/125x145.png/dddddd/000000'),(97,1,'Что такое \"Абстракция\"?','Абстракция - выделение общих характеристик объекта, исключая незначительные.','http://dummyimage.com/177x238.jpg/5fa2dd/ffffff','http://dummyimage.com/233x178.bmp/ff4444/ffffff'),(98,1,'Дайте определение понятию “исключение”.','Исключение — это проблема(ошибка) возникающая во время выполнения программы. Все исключения в Java являются объектами. Поэтому они могут порождаться не только автоматически при возникновении исключительной ситуации, но и создаваться самим разработчиком.','http://dummyimage.com/201x224.png/cc0000/ffffff','http://dummyimage.com/109x244.bmp/5fa2dd/ffffff'),(99,1,'Можно/нужно ли обрабатывать ошибки jvm?','Обрабатывать можно, но делать этого не стоит. Разработчику не предоставлены инструменты для обработки ошибок системы и виртуальной машины.','http://dummyimage.com/175x170.bmp/cc0000/ffffff','http://dummyimage.com/114x156.bmp/5fa2dd/ffffff'),(100,1,'Что является монитором при вызове нестатического и статического метода?','Для нестатического метода — текущий объект this. Для статического метода — объекта типа Class, соответствующий классу, в котором определен этот метод.','http://dummyimage.com/170x211.jpg/ff4444/ffffff','http://dummyimage.com/181x186.png/dddddd/000000'),(101,1,'О чем говорит ключевое слово throws?','throws — ключевое слово, которое прописывается в сигнатуре метода, и обозначающее что метод потенциально может выбросить исключение с указанным типом.','http://dummyimage.com/132x109.png/cc0000/ffffff','http://dummyimage.com/135x198.jpg/cc0000/ffffff'),(102,1,'Чем отличаются конструкторы по-умолчанию, копирования и конструктор с параметрами?','Конструктор по умолчанию не принимает никаких параметров. Конструктор копирования принимает в качестве параметра объект класса. Конструктор с параметрами принимает на вход параметры (обычно необходимые для инициализации полей класса).','http://dummyimage.com/226x141.bmp/ff4444/ffffff','http://dummyimage.com/193x178.jpg/ff4444/ffffff'),(103,1,'Расскажите об особенностях класса с единственным закрытым (private) конструктором.','Невозможно создать объект класса у которого единственный private конструктор за пределами класса. Поэтому нельзя унаследоваться от такого класса. При попытке унаследоваться будет выдаваться ошибка: There is no default constructor available in имяКласса. А при попытке создать объект этого класса: ИмяКласса() has private access in ИмяКласса.','http://dummyimage.com/104x153.jpg/dddddd/000000','http://dummyimage.com/192x118.bmp/ff4444/ffffff'),(104,1,'Что такое сигнатура метода?','Сигнатура метода в Java — это имя метода плюс параметры (причем порядок параметров имеет значение).','http://dummyimage.com/115x211.jpg/ff4444/ffffff','http://dummyimage.com/200x236.jpg/cc0000/ffffff'),(105,1,'Могут ли нестатические методы перегрузить статические?','Да. Это будут просто два разных метода для программы. Статический будет доступен по имени класса.','http://dummyimage.com/124x196.bmp/5fa2dd/ffffff','http://dummyimage.com/134x235.bmp/ff4444/ffffff'),(106,1,'Где можно инициализировать статические/нестатические поля?','Статические поля можно инициализировать при объявлении, в статическом или динамическом блоке инициализации. Нестатические поля можно инициализировать при объявлении, в динамическом блоке инициализации или в конструкторе.','http://dummyimage.com/230x118.png/cc0000/ffffff','http://dummyimage.com/183x170.png/cc0000/ffffff'),(107,1,'В чем отличия/сходства List и Set?','Оба унаследованы от Collection, а значит имеют одинаковый набор и сигнатуры методов. List хранит объекты в порядке вставки, элемент можно получить по индексу. Set не может хранить одинаковых элементов.','http://dummyimage.com/199x235.jpg/dddddd/000000','http://dummyimage.com/221x168.bmp/5fa2dd/ffffff'),(108,1,'Что будет, если в Map положить два значения с одинаковым ключом?','Последнее значение перезапишет предыдущее.','http://dummyimage.com/244x159.png/ff4444/ffffff','http://dummyimage.com/215x105.bmp/cc0000/ffffff'),(109,1,'Как работает сравнение двух строк?','Строка в Java — это отдельный объект, который может не совпадать с другим объектом, хотя на экране результат выводимой строки может выглядеть одинаково. Просто Java в случае с логическим оператором == (а также !=) сравнивает ссылки на объекты.','http://dummyimage.com/195x117.bmp/dddddd/000000','http://dummyimage.com/153x238.jpg/cc0000/ffffff'),(110,1,'Почему строка является популярным ключом в HashMap в Java?','Поскольку строки неизменны, их хэшкод кэшируется в момент создания, и не требует повторного пересчета. Это делает строки отличным кандидатом для ключа в Map и они обрабатываются быстрее, чем другие объекты-ключи HashMap. Вот почему строки преимущественно используются в качестве ключей HashMap.','http://dummyimage.com/190x245.png/dddddd/000000','http://dummyimage.com/237x240.jpg/dddddd/000000'),(111,1,'Какой метод описывает действие потока во время выполнения?','Метод run() или метод call() для дочерних потоков. Метод main() для главного потока.','http://dummyimage.com/154x195.png/cc0000/ffffff','http://dummyimage.com/199x211.png/ff4444/ffffff'),(112,1,'В каких состояниях может пребывать поток?','Поток может быть в следующем состоянии: созданный, запущенный, блокированный, остановленный, в режиме ожидания, в режиме ожидания по времени (NEW, RUNNABLE, BLOCKED, TERMINATED, WAITING, TIMED_WAITING).','http://dummyimage.com/216x213.bmp/dddddd/000000','http://dummyimage.com/249x223.png/dddddd/000000');
/*!40000 ALTER TABLE `cards` ENABLE KEYS */;
UNLOCK TABLES;

--
-- Table structure for table `categories`
--

DROP TABLE IF EXISTS `categories`;
/*!40101 SET @saved_cs_client     = @@character_set_client */;
/*!40101 SET character_set_client = utf8 */;
CREATE TABLE `categories` (
  `id` bigint(20) NOT NULL AUTO_INCREMENT,
  `name` varchar(45) NOT NULL,
  `image` varchar(500) DEFAULT NULL,
  PRIMARY KEY (`id`),
  UNIQUE KEY `name_UNIQUE` (`name`)
) ENGINE=InnoDB AUTO_INCREMENT=9 DEFAULT CHARSET=utf8;
/*!40101 SET character_set_client = @saved_cs_client */;

--
-- Dumping data for table `categories`
--

LOCK TABLES `categories` WRITE;
/*!40000 ALTER TABLE `categories` DISABLE KEYS */;
INSERT INTO `categories` VALUES (1,'Языки','http://dummyimage.com/238x235.bmp/ff4444/ffffff'),(2,'Биология','http://dummyimage.com/174x156.jpg/ff4444/ffffff'),(3,'Математика','http://dummyimage.com/162x158.bmp/dddddd/000000'),(4,'История','http://dummyimage.com/208x248.png/dddddd/000000'),(5,'Программирование','http://dummyimage.com/156x162.png/ff4444/ffffff'),(6,'Астрономия','http://dummyimage.com/186x179.png/ff4444/ffffff'),(7,'Физика','http://dummyimage.com/196x162.bmp/dddddd/000000'),(8,'Химия','http://dummyimage.com/202x146.bmp/ff4444/ffffff');
/*!40000 ALTER TABLE `categories` ENABLE KEYS */;
UNLOCK TABLES;

--
-- Table structure for table `collections`
--

DROP TABLE IF EXISTS `collections`;
/*!40101 SET @saved_cs_client     = @@character_set_client */;
/*!40101 SET character_set_client = utf8 */;
CREATE TABLE `collections` (
  `id` bigint(20) NOT NULL AUTO_INCREMENT,
  `author_id` bigint(20) NOT NULL,
  `topic_id` bigint(20) NOT NULL,
  `name` varchar(300) NOT NULL,
  `description` varchar(1500) NOT NULL,
  `created` timestamp NOT NULL DEFAULT CURRENT_TIMESTAMP ON UPDATE CURRENT_TIMESTAMP,
  `modified` timestamp NULL DEFAULT NULL,
  `image` varchar(500) DEFAULT NULL,
  `status` enum('private','public','req') NOT NULL,
  `rating` int(11) NOT NULL,
  PRIMARY KEY (`id`),
  UNIQUE KEY `t_id_UNIQUE` (`id`),
  UNIQUE KEY `t_name_UNIQUE` (`name`),
  KEY `fk_topics_course1_idx` (`topic_id`),
  KEY `fk_collections_users1_idx` (`author_id`),
  CONSTRAINT `fk_collections_users1` FOREIGN KEY (`author_id`) REFERENCES `users` (`id`) ON DELETE NO ACTION ON UPDATE NO ACTION,
  CONSTRAINT `fk_topics_course1` FOREIGN KEY (`topic_id`) REFERENCES `topics` (`id`) ON DELETE NO ACTION ON UPDATE NO ACTION
) ENGINE=InnoDB AUTO_INCREMENT=36 DEFAULT CHARSET=utf8;
/*!40101 SET character_set_client = @saved_cs_client */;

--
-- Dumping data for table `collections`
--

LOCK TABLES `collections` WRITE;
/*!40000 ALTER TABLE `collections` DISABLE KEYS */;
INSERT INTO `collections` VALUES (1,30,15,'Для собеседования','Если вы собираетесь проходить интервью','2017-06-07 22:46:11','2017-02-21 21:00:00','http://dummyimage.com/108x112.bmp/dddddd/000000','private',1),(2,2,2,'Roombo','Nam ultrices, libero non mattis pulvinar, nulla pede ullamcorper augue, a suscipit nulla elit ac nulla. Sed vel enim sit amet nunc viverra dapibus. Nulla suscipit ligula in lacus. Curabitur at ipsum ac tellus semper interdum. Mauris ullamcorper purus sit amet nulla.','2016-11-09 21:00:00','2016-06-12 21:00:00','http://dummyimage.com/224x224.png/ff4444/ffffff','private',2),(3,3,3,'Vinder','Nullam orci pede, venenatis non, sodales sed, tincidunt eu, felis.','2016-06-26 21:00:00','2017-02-11 21:00:00','http://dummyimage.com/193x183.png/ff4444/ffffff','private',3),(4,4,4,'Abata','Praesent id massa id nisl venenatis lacinia.','2016-05-28 21:00:00','2016-04-16 21:00:00','http://dummyimage.com/102x236.png/dddddd/000000','req',4),(5,5,5,'Devshare','Donec dapibus. Duis at velit eu est congue elementum. In hac habitasse platea dictumst. Morbi vestibulum, velit id pretium iaculis, diam erat fermentum justo, nec condimentum neque sapien placerat ante. Nulla justo.','2016-11-29 21:00:00','2016-07-26 21:00:00','http://dummyimage.com/225x159.bmp/ff4444/ffffff','req',5),(6,6,6,'Lazz','Integer non velit. Donec diam neque, vestibulum eget, vulputate ut, ultrices vel, augue. Vestibulum ante ipsum primis in faucibus orci luctus et ultrices posuere cubilia Curae; Donec pharetra, magna vestibulum aliquet ultrices, erat tortor sollicitudin mi, sit amet lobortis sapien sapien non mi. Integer ac neque. Duis bibendum.','2016-09-13 21:00:00','2016-08-18 21:00:00','http://dummyimage.com/182x149.png/ff4444/ffffff','public',6),(7,7,7,'Realpoint','Nam dui. Proin leo odio, porttitor id, consequat in, consequat ut, nulla. Sed accumsan felis. Ut at dolor quis odio consequat varius. Integer ac leo. Pellentesque ultrices mattis odio.','2017-03-06 21:00:00','2017-01-28 21:00:00','http://dummyimage.com/124x218.bmp/5fa2dd/ffffff','public',7),(8,8,8,'Aimbu','Maecenas ut massa quis augue luctus tincidunt. Nulla mollis molestie lorem. Quisque ut erat. Curabitur gravida nisi at nibh. In hac habitasse platea dictumst. Aliquam augue quam, sollicitudin vitae, consectetuer eget, rutrum at, lorem.','2016-11-11 21:00:00','2016-10-09 21:00:00','http://dummyimage.com/128x176.jpg/5fa2dd/ffffff','public',8),(9,9,9,'Yakitri','Suspendisse ornare consequat lectus. In est risus, auctor sed, tristique in, tempus sit amet, sem. Fusce consequat. Nulla nisl. Nunc nisl.','2017-01-19 21:00:00','2016-09-01 21:00:00','http://dummyimage.com/241x115.png/5fa2dd/ffffff','req',9),(10,10,10,'Realbridge','In hac habitasse platea dictumst. Etiam faucibus cursus urna. Ut tellus. Nulla ut erat id mauris vulputate elementum. Nullam varius. Nulla facilisi.','2016-10-25 21:00:00','2016-12-11 21:00:00','http://dummyimage.com/227x186.jpg/cc0000/ffffff','public',10),(11,11,11,'Dynava','Etiam vel augue. Vestibulum rutrum rutrum neque. Aenean auctor gravida sem. Praesent id massa id nisl venenatis lacinia.','2016-07-18 21:00:00','2016-08-08 21:00:00','http://dummyimage.com/166x103.jpg/5fa2dd/ffffff','public',11),(12,13,12,'Meedoo','Phasellus id sapien in sapien iaculis congue. Vivamus metus arcu, adipiscing molestie, hendrerit at, vulputate vitae, nisl. Aenean lectus. Pellentesque eget nunc. Donec quis orci eget orci vehicula condimentum.','2016-08-04 21:00:00','2017-02-05 21:00:00','http://dummyimage.com/188x150.png/ff4444/ffffff','req',12),(13,13,12,'Realpointo','Sed sagittis. Nam congue, risus semper porta volutpat, quam pede lobortis ligula, sit amet eleifend pede libero quis orci. Nullam molestie nibh in lectus. Pellentesque at nulla. Suspendisse potenti. Cras in purus eu magna vulputate luctus.','2016-04-18 21:00:00','2016-05-17 21:00:00','http://dummyimage.com/166x243.jpg/cc0000/ffffff','public',13),(14,14,14,'Wordify','Cum sociis natoque penatibus et magnis dis parturient montes, nascetur ridiculus mus. Etiam vel augue. Vestibulum rutrum rutrum neque.','2016-09-22 21:00:00','2016-11-19 21:00:00','http://dummyimage.com/211x187.png/dddddd/000000','private',14),(15,15,1,'Dazzlesphere','Cras in purus eu magna vulputate luctus. Cum sociis natoque penatibus et magnis dis parturient montes, nascetur ridiculus mus. Vivamus vestibulum sagittis sapien. Cum sociis natoque penatibus et magnis dis parturient montes, nascetur ridiculus mus.','2016-03-09 21:00:00','2016-12-02 21:00:00','http://dummyimage.com/113x129.jpg/cc0000/ffffff','req',15),(16,16,2,'Brightdog','Sed accumsan felis. Ut at dolor quis odio consequat varius. Integer ac leo. Pellentesque ultrices mattis odio.','2016-03-10 21:00:00','2016-06-06 21:00:00','http://dummyimage.com/144x108.bmp/5fa2dd/ffffff','private',16),(17,17,6,'Tagcat','Nunc purus. Phasellus in felis. Donec semper sapien a libero.','2016-10-16 21:00:00','2016-10-29 21:00:00','http://dummyimage.com/111x210.bmp/5fa2dd/ffffff','private',17),(18,18,7,'Kaymbo','Vivamus vestibulum sagittis sapien. Cum sociis natoque penatibus et magnis dis parturient montes, nascetur ridiculus mus. Etiam vel augue. Vestibulum rutrum rutrum neque.','2016-12-01 21:00:00','2016-05-27 21:00:00','http://dummyimage.com/177x169.png/ff4444/ffffff','private',18),(19,19,8,'Voolith','Morbi ut odio. Cras mi pede, malesuada in, imperdiet et, commodo vulputate, justo. In blandit ultrices enim. Lorem ipsum dolor sit amet, consectetuer adipiscing elit.','2016-12-27 21:00:00','2017-02-12 21:00:00','http://dummyimage.com/138x192.png/5fa2dd/ffffff','private',19),(20,20,2,'Voonte','Vivamus tortor. Duis mattis egestas metus. Aenean fermentum.','2016-08-29 21:00:00','2017-02-19 21:00:00','http://dummyimage.com/152x238.bmp/ff4444/ffffff','public',20),(21,21,1,'Devpoint','Aenean auctor gravida sem. Praesent id massa id nisl venenatis lacinia. Aenean sit amet justo. Morbi ut odio. Cras mi pede, malesuada in, imperdiet et, commodo vulputate, justo.','2016-12-16 21:00:00','2016-04-01 21:00:00','http://dummyimage.com/222x210.png/cc0000/ffffff','private',21),(22,22,2,'Ozu','Nulla justo. Aliquam quis turpis eget elit sodales scelerisque. Mauris sit amet eros. Suspendisse accumsan tortor quis turpis.','2017-01-08 21:00:00','2016-04-02 21:00:00','http://dummyimage.com/145x187.jpg/cc0000/ffffff','private',22),(23,20,4,'Wordware','Cum sociis natoque penatibus et magnis dis parturient montes, nascetur ridiculus mus.','2016-12-05 21:00:00','2017-01-29 21:00:00','http://dummyimage.com/178x149.png/dddddd/000000','private',23),(24,19,13,'Aimbo','Aliquam non mauris. Morbi non lectus. Aliquam sit amet diam in magna bibendum imperdiet. Nullam orci pede, venenatis non, sodales sed, tincidunt eu, felis. Fusce posuere felis sed lacus. Morbi sem mauris, laoreet ut, rhoncus aliquet, pulvinar sed, nisl.','2016-10-27 21:00:00','2017-01-11 21:00:00','http://dummyimage.com/224x162.jpg/cc0000/ffffff','req',24),(25,17,10,'Tagfeed','Morbi porttitor lorem id ligula. Suspendisse ornare consequat lectus. In est risus, auctor sed, tristique in, tempus sit amet, sem. Fusce consequat. Nulla nisl.','2016-12-13 21:00:00','2016-11-16 21:00:00','http://dummyimage.com/167x123.bmp/cc0000/ffffff','private',25),(26,10,11,'Skivee','Praesent blandit lacinia erat.','2016-07-16 21:00:00','2016-06-23 21:00:00','http://dummyimage.com/185x237.jpg/5fa2dd/ffffff','public',26),(27,9,15,'Основы','Если вы не знакомы с языком','2017-06-07 22:46:48','2016-11-01 21:00:00','http://dummyimage.com/132x220.bmp/5fa2dd/ffffff','public',27),(28,8,1,'Wikivu','In quis justo. Maecenas rhoncus aliquam lacus.','2016-04-29 21:00:00','2016-03-27 21:00:00','http://dummyimage.com/214x163.png/dddddd/000000','public',28),(29,5,8,'Skivy','Aenean lectus. Pellentesque eget nunc.','2016-09-20 21:00:00','2016-04-15 21:00:00','http://dummyimage.com/182x223.jpg/dddddd/000000','public',29),(30,12,9,'Brainverse','Vivamus metus arcu, adipiscing molestie, hendrerit at, vulputate vitae, nisl. Aenean lectus. Pellentesque eget nunc. Donec quis orci eget orci vehicula condimentum. Curabitur in libero ut massa volutpat convallis. Morbi odio odio, elementum eu, interdum eu, tincidunt in, leo.','2016-06-17 21:00:00','2017-03-04 21:00:00','http://dummyimage.com/196x126.jpg/cc0000/ffffff','public',30),(31,30,14,'Dabvine','Vivamus in felis eu sapien cursus vestibulum.','2016-09-12 21:00:00','2016-04-18 21:00:00','http://dummyimage.com/132x245.bmp/dddddd/000000','public',31),(32,12,13,'Ooba','Nam ultrices, libero non mattis pulvinar, nulla pede ullamcorper augue, a suscipit nulla elit ac nulla. Sed vel enim sit amet nunc viverra dapibus.','2016-07-09 21:00:00','2016-07-10 21:00:00','http://dummyimage.com/208x196.jpg/cc0000/ffffff','private',32),(33,11,3,'Jabbertype','Nulla nisl. Nunc nisl. Duis bibendum, felis sed interdum venenatis, turpis enim blandit mi, in porttitor pede justo eu massa.','2016-12-08 21:00:00','2016-09-18 21:00:00','http://dummyimage.com/147x141.jpg/cc0000/ffffff','public',33),(34,18,4,'Kazio','Nullam porttitor lacus at turpis. Donec posuere metus vitae ipsum. Aliquam non mauris. Morbi non lectus. Aliquam sit amet diam in magna bibendum imperdiet.','2016-09-04 21:00:00','2016-03-28 21:00:00','http://dummyimage.com/225x141.jpg/cc0000/ffffff','public',34),(35,16,15,'Многопоточность','Содержит вопросы по многопоточности в Java разных уровней','2017-06-07 22:47:41','2017-02-06 21:00:00','http://dummyimage.com/156x219.png/dddddd/000000','private',35);
/*!40000 ALTER TABLE `collections` ENABLE KEYS */;
UNLOCK TABLES;

--
-- Table structure for table `topic_categories`
--

DROP TABLE IF EXISTS `topic_categories`;
/*!40101 SET @saved_cs_client     = @@character_set_client */;
/*!40101 SET character_set_client = utf8 */;
CREATE TABLE `topic_categories` (
  `topic_id` bigint(20) NOT NULL,
  `category_id` bigint(20) NOT NULL,
  PRIMARY KEY (`topic_id`,`category_id`),
  KEY `fk_categories_has_topics_topics1_idx` (`topic_id`),
  KEY `fk_categories_has_topics_categories1_idx` (`category_id`),
  CONSTRAINT `fk_categories_has_topics_categories1` FOREIGN KEY (`category_id`) REFERENCES `categories` (`id`) ON DELETE NO ACTION ON UPDATE NO ACTION,
  CONSTRAINT `fk_categories_has_topics_topics1` FOREIGN KEY (`topic_id`) REFERENCES `topics` (`id`) ON DELETE NO ACTION ON UPDATE NO ACTION
) ENGINE=InnoDB DEFAULT CHARSET=utf8;
/*!40101 SET character_set_client = @saved_cs_client */;

--
-- Dumping data for table `topic_categories`
--

LOCK TABLES `topic_categories` WRITE;
/*!40000 ALTER TABLE `topic_categories` DISABLE KEYS */;
INSERT INTO `topic_categories` VALUES (1,1),(1,6),(2,2),(3,3),(4,4),(4,7),(5,5),(6,6),(7,7),(8,8),(9,1),(9,4),(9,8),(10,1),(11,8),(12,4),(13,5),(14,2),(15,3),(15,5);
/*!40000 ALTER TABLE `topic_categories` ENABLE KEYS */;
UNLOCK TABLES;

--
-- Table structure for table `topics`
--

DROP TABLE IF EXISTS `topics`;
/*!40101 SET @saved_cs_client     = @@character_set_client */;
/*!40101 SET character_set_client = utf8 */;
CREATE TABLE `topics` (
  `id` bigint(20) NOT NULL AUTO_INCREMENT,
  `name` varchar(45) NOT NULL,
  `image` varchar(500) DEFAULT NULL,
  `status` enum('private','public','req') DEFAULT NULL,
  PRIMARY KEY (`id`),
  UNIQUE KEY `name_UNIQUE` (`name`)
) ENGINE=InnoDB AUTO_INCREMENT=16 DEFAULT CHARSET=utf8;
/*!40101 SET character_set_client = @saved_cs_client */;

--
-- Dumping data for table `topics`
--

LOCK TABLES `topics` WRITE;
/*!40000 ALTER TABLE `topics` DISABLE KEYS */;
INSERT INTO `topics` VALUES (1,'Agency MBS','http://dummyimage.com/171x106.jpg/dddddd/000000',NULL),(2,'AQL','http://dummyimage.com/229x216.bmp/cc0000/ffffff',NULL),(3,'BCNE','http://dummyimage.com/128x122.png/5fa2dd/ffffff',NULL),(4,'Aircraft','http://dummyimage.com/120x184.jpg/cc0000/ffffff',NULL),(5,'C++','http://dummyimage.com/232x163.bmp/cc0000/ffffff',NULL),(6,'Trading','http://dummyimage.com/221x247.jpg/cc0000/ffffff',NULL),(7,'IVR','http://dummyimage.com/222x185.jpg/dddddd/000000',NULL),(8,'PVS','http://dummyimage.com/161x244.jpg/ff4444/ffffff',NULL),(9,'PFTrack','http://dummyimage.com/163x188.bmp/dddddd/000000',NULL),(10,'Editing','http://dummyimage.com/187x118.png/ff4444/ffffff',NULL),(11,'Xdebug','http://dummyimage.com/225x137.png/dddddd/000000',NULL),(12,'CSS Sprites','http://dummyimage.com/204x147.bmp/5fa2dd/ffffff',NULL),(13,'JavaScript','http://dummyimage.com/122x120.jpg/cc0000/ffffff',NULL),(14,'DPM 2010','http://dummyimage.com/149x174.png/ff4444/ffffff',NULL),(15,'Java','http://dummyimage.com/230x163.jpg/5fa2dd/ffffff',NULL);
/*!40000 ALTER TABLE `topics` ENABLE KEYS */;
UNLOCK TABLES;

--
-- Table structure for table `user_cards`
--

DROP TABLE IF EXISTS `user_cards`;
/*!40101 SET @saved_cs_client     = @@character_set_client */;
/*!40101 SET character_set_client = utf8 */;
CREATE TABLE `user_cards` (
  `users_id` bigint(20) NOT NULL,
  `cards_id` bigint(20) NOT NULL,
  `card_status` enum('new','low','medium','high','never') DEFAULT NULL,
  `low_count` int(11) DEFAULT NULL,
  `last_viwed` timestamp NULL DEFAULT NULL,
  PRIMARY KEY (`users_id`,`cards_id`),
  KEY `fk_users_has_cards_cards1_idx` (`cards_id`),
  KEY `fk_users_has_cards_users1_idx` (`users_id`),
  CONSTRAINT `fk_users_has_cards_cards1` FOREIGN KEY (`cards_id`) REFERENCES `cards` (`id`) ON DELETE NO ACTION ON UPDATE NO ACTION,
  CONSTRAINT `fk_users_has_cards_users1` FOREIGN KEY (`users_id`) REFERENCES `users` (`id`) ON DELETE NO ACTION ON UPDATE NO ACTION
) ENGINE=InnoDB DEFAULT CHARSET=utf8;
/*!40101 SET character_set_client = @saved_cs_client */;

--
-- Dumping data for table `user_cards`
--

LOCK TABLES `user_cards` WRITE;
/*!40000 ALTER TABLE `user_cards` DISABLE KEYS */;
INSERT INTO `user_cards` VALUES (1,1,'new',0,'2017-10-02 21:53:31'),(1,94,'new',NULL,'2017-06-07 23:22:40'),(1,95,'new',NULL,'2017-10-02 21:53:37'),(1,96,'new',NULL,'2017-10-02 21:53:36'),(1,97,'new',NULL,'2017-10-02 22:08:43'),(1,98,'new',NULL,'2017-06-07 23:22:46'),(1,99,'new',NULL,'2017-06-07 23:22:43'),(1,100,'new',NULL,'2017-10-02 21:53:30'),(1,101,'new',NULL,'2017-06-07 23:22:41'),(1,102,'new',NULL,'2017-06-07 23:22:44'),(1,103,'new',NULL,'2017-06-07 23:22:48'),(1,104,'new',NULL,'2017-10-02 21:53:34'),(1,105,'new',NULL,'2017-10-02 21:53:27'),(1,106,'new',NULL,'2017-10-02 21:53:33'),(2,2,'new',3,NULL),(3,3,'new',0,NULL),(4,4,'new',0,NULL),(5,5,'new',0,NULL),(6,6,'new',1,NULL),(7,7,'new',0,NULL),(8,8,'new',5,NULL),(9,9,'new',10,NULL),(10,10,'new',10,NULL),(11,11,'new',0,NULL),(12,12,'new',10,NULL),(13,13,'new',0,NULL),(14,14,'new',0,NULL),(15,15,'new',0,NULL),(16,16,'new',0,NULL),(17,17,'new',0,NULL),(18,18,'new',0,NULL),(19,19,'new',0,NULL),(20,20,'new',0,NULL),(21,21,'new',2,NULL),(22,22,'new',1,NULL),(23,23,'new',0,NULL),(24,24,'new',0,NULL),(25,25,'new',0,NULL),(26,26,'new',1,NULL),(27,27,'new',0,NULL),(28,28,'new',8,NULL),(29,29,'new',0,NULL),(30,30,'new',2,NULL);
/*!40000 ALTER TABLE `user_cards` ENABLE KEYS */;
UNLOCK TABLES;

--
-- Table structure for table `user_collections`
--

DROP TABLE IF EXISTS `user_collections`;
/*!40101 SET @saved_cs_client     = @@character_set_client */;
/*!40101 SET character_set_client = utf8 */;
CREATE TABLE `user_collections` (
  `collection_id` bigint(20) NOT NULL,
  `user_id` bigint(20) NOT NULL,
  `rating` enum('like','nolike') DEFAULT 'nolike',
  PRIMARY KEY (`collection_id`,`user_id`),
  KEY `fk_topics_has_users_users1_idx` (`user_id`),
  KEY `fk_topics_has_users_topics1_idx` (`collection_id`),
  CONSTRAINT `fk_topics_has_users_topics1` FOREIGN KEY (`collection_id`) REFERENCES `collections` (`id`) ON DELETE NO ACTION ON UPDATE NO ACTION,
  CONSTRAINT `fk_topics_has_users_users1` FOREIGN KEY (`user_id`) REFERENCES `users` (`id`) ON DELETE NO ACTION ON UPDATE NO ACTION
) ENGINE=InnoDB DEFAULT CHARSET=utf8;
/*!40101 SET character_set_client = @saved_cs_client */;

--
-- Dumping data for table `user_collections`
--

LOCK TABLES `user_collections` WRITE;
/*!40000 ALTER TABLE `user_collections` DISABLE KEYS */;
INSERT INTO `user_collections` VALUES (1,1,'nolike'),(1,10,'nolike'),(1,48,'nolike'),(1,49,'nolike'),(1,50,'nolike'),(1,51,'nolike'),(1,53,'nolike'),(1,54,'nolike'),(1,55,'nolike'),(1,56,'nolike'),(2,2,'nolike'),(3,3,'nolike'),(4,4,'nolike'),(5,5,'nolike'),(6,6,'nolike'),(6,22,'nolike'),(7,7,'nolike'),(7,25,'nolike'),(8,8,'nolike'),(8,27,'nolike'),(9,3,'nolike'),(9,9,'nolike'),(10,10,'nolike'),(10,11,'nolike'),(11,11,'nolike'),(12,12,'nolike'),(13,13,'nolike'),(14,14,'nolike'),(15,15,'nolike'),(16,16,'nolike'),(17,17,'nolike'),(18,18,'nolike'),(19,19,'nolike'),(20,20,'nolike'),(21,21,'nolike'),(22,22,'nolike'),(23,23,'nolike'),(24,24,'nolike'),(25,25,'nolike'),(26,26,'nolike'),(27,27,'nolike'),(28,28,'nolike'),(29,29,'nolike'),(30,30,'nolike'),(34,4,'nolike'),(35,5,'nolike');
/*!40000 ALTER TABLE `user_collections` ENABLE KEYS */;
UNLOCK TABLES;

--
-- Table structure for table `users`
--

DROP TABLE IF EXISTS `users`;
/*!40101 SET @saved_cs_client     = @@character_set_client */;
/*!40101 SET character_set_client = utf8 */;
CREATE TABLE `users` (
  `id` bigint(20) NOT NULL AUTO_INCREMENT,
  `login` varchar(100) NOT NULL,
  `email` varchar(100) NOT NULL,
  `password` varchar(100) NOT NULL,
  `photo` varchar(500) DEFAULT NULL,
  `status` enum('admin','active','baned') NOT NULL,
  PRIMARY KEY (`id`),
  UNIQUE KEY `u_login_UNIQUE` (`login`),
  UNIQUE KEY `u_id_UNIQUE` (`id`),
  UNIQUE KEY `u_email_UNIQUE` (`email`)
) ENGINE=InnoDB AUTO_INCREMENT=57 DEFAULT CHARSET=utf8;
/*!40101 SET character_set_client = @saved_cs_client */;

--
-- Dumping data for table `users`
--

LOCK TABLES `users` WRITE;
/*!40000 ALTER TABLE `users` DISABLE KEYS */;
INSERT INTO `users` VALUES (1,'qwerty','jlarson0@hud.gov','$2a$10$uyPRf4QjFet3B23ScMCQleBcTA0QYdrA9PlwpyUHI2tD4plQ5LD4W','http://dummyimage.com/134x124.jpg/5fa2dd/ffffff','admin'),(2,'gfrazier1','jfox1@tinyurl.com','ad169d6d6e18edfc1f6d10cd78693194','http://dummyimage.com/103x223.bmp/5fa2dd/ffffff','baned'),(3,'rmcdonald2','grose2@nifty.com','54dfad3fee03c2b251fbc370ec3cdba9','http://dummyimage.com/208x212.bmp/5fa2dd/ffffff','active'),(4,'dford3','jbailey3@istockphoto.com','cc3392c7bda8bd9cc94454a7e6eee352','http://dummyimage.com/149x166.bmp/dddddd/000000','active'),(5,'rwelch4','hmorrison4@wikia.com','875cc3958839e081b8cfda3ad8657a2e','http://dummyimage.com/137x171.png/dddddd/000000','active'),(6,'jfowler5','mburton5@smh.com.au','720c98c561cd14748d94e2180aa00c01','http://dummyimage.com/143x208.bmp/5fa2dd/ffffff','active'),(7,'cbrown6','thill6@si.edu','0b7792b259ebd180343423531e436eee','http://dummyimage.com/138x244.jpg/5fa2dd/ffffff','active'),(8,'iwalker7','agray7@amazon.co.uk','d27c69655fd86eabc883c1836b217542','http://dummyimage.com/238x124.jpg/ff4444/ffffff','active'),(9,'dmitchell8','rholmes8@virginia.edu','627033409dee5c589487062f22c33941','http://dummyimage.com/132x198.png/ff4444/ffffff','active'),(10,'gramirez9','wsimpson9@reverbnation.com','32ab4c0abdb8e82f251fb10da0004711','http://dummyimage.com/169x148.png/cc0000/ffffff','active'),(11,'jarmstronga','astanleya@is.gd','5fef264474bd3f893a2bb1d47839c902','http://dummyimage.com/161x199.png/dddddd/000000','active'),(12,'dcrawfordb','arichardsb@bluehost.com','cd4aebf675f1ded9fd026194dcedc021','http://dummyimage.com/238x178.png/5fa2dd/ffffff','active'),(13,'fstonec','hrogersc@list-manage.com','f234dfa5211f87da489ade49744f7c6a','http://dummyimage.com/213x166.jpg/ff4444/ffffff','active'),(14,'dbakerd','kcarterd@newyorker.com','a6909e4d9db69f58f999d60b75ec88c8','http://dummyimage.com/112x176.jpg/cc0000/ffffff','active'),(15,'mhayese','sjonese@storify.com','65195a2ef6a8b0a034965ec5fc6ecdc5','http://dummyimage.com/109x205.png/ff4444/ffffff','active'),(16,'mjohnstonf','jsandersf@usda.gov','1ea6ebcf0a65c6fc7cc74e4fb7bcb025','http://dummyimage.com/244x155.png/5fa2dd/ffffff','active'),(17,'elopezg','dmartinezg@amazon.co.uk','514b7b89aed9b48c48c4e1f40ec18df8','http://dummyimage.com/149x140.bmp/ff4444/ffffff','active'),(18,'jstewarth','dhernandezh@sphinn.com','d8357f2a648891ac15110e2cdd355742','http://dummyimage.com/234x118.png/cc0000/ffffff','active'),(19,'msandersi','drayi@com.com','b9cc6faf2cc08cbdb67de1cd89ff8725','http://dummyimage.com/206x128.jpg/dddddd/000000','active'),(20,'aturnerj','rbowmanj@discuz.net','8598fcdfc7118d041a5b9e69706f13f5','http://dummyimage.com/158x121.jpg/5fa2dd/ffffff','active'),(21,'mhudsonk','grileyk@tuttocitta.it','6116e137e9267931d10aca6ca8d9b671','http://dummyimage.com/105x226.jpg/dddddd/000000','active'),(22,'mpricel','mrichardsl@reuters.com','e6a1c523e9c4218db2d52fa4a162bdb4','http://dummyimage.com/167x201.bmp/cc0000/ffffff','active'),(23,'ekellym','pvasquezm@blog.com','c1f1152cf5d3ee2a896dfa374a3d28e4','http://dummyimage.com/249x247.jpg/cc0000/ffffff','baned'),(24,'hromeron','twrightn@ameblo.jp','181f0e8ec5cff4f9a7e8385f63a61e69','http://dummyimage.com/187x106.jpg/cc0000/ffffff','admin'),(25,'gaustino','ryoungo@macromedia.com','dcf7ea60dcea36813409d92e2d155587','http://dummyimage.com/147x186.png/ff4444/ffffff','active'),(26,'arobertsp','mgonzalezp@example.com','93ef32bfb85aff33ecc833f2efb5bcde','http://dummyimage.com/166x145.png/cc0000/ffffff','active'),(27,'csullivanq','dwalkerq@cafepress.com','9139d2e901c31a5d8d757a4edc37c341','http://dummyimage.com/148x128.jpg/5fa2dd/ffffff','baned'),(28,'hwallacer','jlongr@tmall.com','a0cf195268ee0560e3a6cfb8bb1fc50e','http://dummyimage.com/151x107.jpg/5fa2dd/ffffff','active'),(29,'jlawsons','alawsons@wikimedia.org','47f42a05db6a57d19ceff949eba98119','http://dummyimage.com/135x193.bmp/dddddd/000000','active'),(30,'jmeyert','mjordant@sciencedirect.com','969a94132c66190d5e2ea037a60779ab','http://dummyimage.com/121x200.png/dddddd/000000','active'),(31,'ddasda','qwqwq@ded.ij','$2a$10$AL.C.GL2.JjDP.mx4fow.Oh6KEXRK1eKCYFsrE.3KQgL3WRmoT/DS',NULL,'active'),(32,'qwertytt','adad@rr.ggg','$2a$10$uyPRf4QjFet3B23ScMCQleBcTA0QYdrA9PlwpyUHI2tD4plQ5LD4W',NULL,'active'),(33,'loginloginlogin','login@gmail.com','$2a$10$CXBZBZy21GtZB0O6Pb7u6OTiTC8ETxWIIQZmCcREdWxDtQNVauJoe',NULL,'active'),(34,'qwwdfesdgfsdgf','dgfdgfdgf@fdgfs.vgv','$2a$10$dHf7hUkuLZjS1itdGpPNeuIfh7x8i5hpavlWKjY56bpD/nIc656tG',NULL,'active'),(35,'qqqqqqqqqqq','qdsafd@fddsds.ffff','$2a$10$H3d0tmP9kEB9OdhcCowqIeUJ2kEkRTN69EFpFxO.5h4FnLe8tH0/m',NULL,'active'),(36,'qwqwewrew','5tgth@gdgf.gggfd','$2a$10$eHR7a9S4Rk78bAIsJQ9QW.2UL7L9p2YGe0XnVHaBVQ7Ej6ddJJJCq',NULL,'active'),(37,'aasddas','afsdfsdf@dsds.vvv','$2a$10$AvVpzm1z7SoeJ1vM6rUdGugph5W.yGaAy4u/2yBwT28YvIBEw1Ge2',NULL,'active'),(38,'acaac','aaaa@aaaa.com','$2a$10$19I0vAwFEIkjjkLCYkCA8.VKZBJBDcriF2MVwD..6pKGP9FccLiqm',NULL,'active'),(39,'ivann','ivan@gmail.com','$2a$10$VNBf1hRPsq6YnH8OINkoruKXeecy/ENZimWrk5WCN//37byS.3q7u',NULL,'active'),(40,'thter','qwq@dd.ku','$2a$10$ZajXDzwNmPZ0u8VTQEURIusvR6ukR8XXbJknc3ZjCRzYkZmzm3Sou',NULL,'active'),(41,'qwqwqwq','qwqwq@ff.ff','$2a$10$fUNJawo9OULkg1UJlwpmQube7k0OjPcjoLwmevp/opHQVEDC9C/a2',NULL,'active'),(42,'ggddgfdgfdgf','fdsgdsf@fff.fd','$2a$10$BorgJPGDPUbWJDCkRxG4I..SA6Wv6TgoedFrjbpYQTd95ntggHKU6',NULL,'active'),(43,'qwqwqwqw','dasf@ff.ff','$2a$10$EqMF/0cyDezmBctbSWYpbO/B7oEd5tHjTRIBLQZcvoeHIxgcx9OJ.',NULL,'active'),(44,'qqqqqqq','wqwq@dsd.dds','$2a$10$sEqTmYporEr0lNRECVZExuup3oCCUV06IbwAjbh4CgkNEIMm7VY/W',NULL,'active'),(45,'qqwqwqwq','qwqwqw@dd.dff','$2a$10$TOoolflw9I/A.RmoEibko.XiPXZ7gbGMzMdc.mswBqRzSRF5gWopO',NULL,'active'),(46,'cccccc','qwqw@rf.ff','$2a$10$teLBc/Hfk4cBxwvVIVEuM.mbuOlUZumvQonc9V48XbTVUNm8XqQrS',NULL,'active'),(47,'fesfewfewfw','fdsgfs@fef.fsdf','$2a$10$Qe9SE30YsdwttWN24TK10uUHLhlC/ed/0u72rYIvZhY/udJRcH.ae',NULL,'active'),(48,'aaatest','aaatest@gmail.com','$2a$10$mtUoOnDeYFjCQZ0I5P/ZZeso9e9nTmixHcW94RIvvOQhapNs29GLu',NULL,'active'),(49,'ntttest','ntttest@gamil.com','$2a$10$ppiP5UB.s5MrDhMfzs.srORoPseCNSmV9y9rlH/danYtslU/xFF62',NULL,'active'),(50,'myeetest','myeetest@gmail.com','$2a$10$5sSUWBCODx/tk9aueX.nq.7xtflunjlYSaUBuiOlQxvXLZuvNrlGu',NULL,'active'),(51,'fifsa','fisa@gmail.com','$2a$10$WO7bh4AWf24h5WUX.yl3wenKTECTf2ipKOQuCV6kSM/ebMTLSZrpm',NULL,'active'),(52,'anton','anton@gmail.com','$2a$10$VskGAN/ykHs1.3q2KNC7w.T6dVzQcw4QRko7w5XR0DUihpqOrw8/C',NULL,'active'),(53,'anton_kha','anton_kha@gmail.com','$2a$10$y51bS86hGobMXql/EFMfz.mvbtmYmOH5D200svXaSAltk7j3ygfXi',NULL,'active'),(54,'anton_kho','anton_kho@gmail.com','$2a$10$wvD7vb3gecfBCDevXo/0BuI9zhMvpfuqF1Th8/Y753OrtUHDNRZoC',NULL,'active'),(55,'anton94','anton94@gmail.com','$2a$10$q3..Fxv/YbHx4ZbBPCpGTuYfAJ5PKb/Q5ezeyqkrmClHLnrOElRuO',NULL,'active'),(56,'lera11','lera11@gmail.com','$2a$10$S/MKvJEjAD.R.FTgojLoaOYiNunI1lSm8TLHCkxDnojRZwy4U8yWO',NULL,'active');
/*!40000 ALTER TABLE `users` ENABLE KEYS */;
UNLOCK TABLES;
/*!40103 SET TIME_ZONE=@OLD_TIME_ZONE */;

/*!40101 SET SQL_MODE=@OLD_SQL_MODE */;
/*!40014 SET FOREIGN_KEY_CHECKS=@OLD_FOREIGN_KEY_CHECKS */;
/*!40014 SET UNIQUE_CHECKS=@OLD_UNIQUE_CHECKS */;
/*!40101 SET CHARACTER_SET_CLIENT=@OLD_CHARACTER_SET_CLIENT */;
/*!40101 SET CHARACTER_SET_RESULTS=@OLD_CHARACTER_SET_RESULTS */;
/*!40101 SET COLLATION_CONNECTION=@OLD_COLLATION_CONNECTION */;
/*!40111 SET SQL_NOTES=@OLD_SQL_NOTES */;

-- Dump completed on 2017-10-03 21:07:43
