delete from topic_categories;
delete from cards;
delete from collections;
delete from users;
delete from topics;
delete from categories;
insert into categories (id, name, image) values (1, 'forecast', 'http://dummyimage.com/238x235.bmp/ff4444/ffffff');
insert into categories (id, name, image) values (2, 'instruction set', 'http://dummyimage.com/174x156.jpg/ff4444/ffffff');
insert into categories (id, name, image) values (3, 'Assimilated', 'http://dummyimage.com/162x158.bmp/dddddd/000000');
insert into categories (id, name, image) values (4, 'system-worthy', 'http://dummyimage.com/208x248.png/dddddd/000000');
insert into categories (id, name, image) values (5, 'bandwidth-monitored', 'http://dummyimage.com/156x162.png/ff4444/ffffff');
insert into categories (id, name, image) values (6, 'Secured', 'http://dummyimage.com/186x179.png/ff4444/ffffff');
insert into categories (id, name, image) values (7, 'algorithm', 'http://dummyimage.com/196x162.bmp/dddddd/000000');
insert into categories (id, name, image) values (8, 'local', 'http://dummyimage.com/202x146.bmp/ff4444/ffffff');
insert into topics (id, name, image) values (1, 'Agency MBS', 'http://dummyimage.com/171x106.jpg/dddddd/000000');
insert into topics (id, name, image) values (2, 'AQL', 'http://dummyimage.com/229x216.bmp/cc0000/ffffff');
insert into topics (id, name, image) values (3, 'BCNE', 'http://dummyimage.com/128x122.png/5fa2dd/ffffff');
insert into topics (id, name, image) values (4, 'Aircraft', 'http://dummyimage.com/120x184.jpg/cc0000/ffffff');
insert into topics (id, name, image) values (5, 'Utility Locating', 'http://dummyimage.com/232x163.bmp/cc0000/ffffff');
insert into topics (id, name, image) values (6, 'Trading', 'http://dummyimage.com/221x247.jpg/cc0000/ffffff');
insert into topics (id, name, image) values (7, 'IVR', 'http://dummyimage.com/222x185.jpg/dddddd/000000');
insert into topics (id, name, image) values (8, 'PVS', 'http://dummyimage.com/161x244.jpg/ff4444/ffffff');
insert into topics (id, name, image) values (9, 'PFTrack', 'http://dummyimage.com/163x188.bmp/dddddd/000000');
insert into topics (id, name, image) values (10, 'Editing', 'http://dummyimage.com/187x118.png/ff4444/ffffff');
insert into topics (id, name, image) values (11, 'Xdebug', 'http://dummyimage.com/225x137.png/dddddd/000000');
insert into topics (id, name, image) values (12, 'CSS Sprites', 'http://dummyimage.com/204x147.bmp/5fa2dd/ffffff');
insert into topics (id, name, image) values (13, 'TCM', 'http://dummyimage.com/122x120.jpg/cc0000/ffffff');
insert into topics (id, name, image) values (14, 'DPM 2010', 'http://dummyimage.com/149x174.png/ff4444/ffffff');
insert into topics (id, name, image) values (15, 'SQL PL', 'http://dummyimage.com/230x163.jpg/5fa2dd/ffffff');
insert into users (id, login, email, password, photo, status) values (1, 'rgonzales0', 'jlarson0@hud.gov', '01644ceacf982f8a2c399b183daa5c91', 'http://dummyimage.com/134x124.jpg/5fa2dd/ffffff', 'admin');
insert into users (id, login, email, password, photo, status) values (2, 'gfrazier1', 'jfox1@tinyurl.com', 'ad169d6d6e18edfc1f6d10cd78693194', 'http://dummyimage.com/103x223.bmp/5fa2dd/ffffff', 'baned');
insert into users (id, login, email, password, photo, status) values (3, 'rmcdonald2', 'grose2@nifty.com', '54dfad3fee03c2b251fbc370ec3cdba9', 'http://dummyimage.com/208x212.bmp/5fa2dd/ffffff', 'active');
insert into users (id, login, email, password, photo, status) values (4, 'dford3', 'jbailey3@istockphoto.com', 'cc3392c7bda8bd9cc94454a7e6eee352', 'http://dummyimage.com/149x166.bmp/dddddd/000000', 'active');
insert into users (id, login, email, password, photo, status) values (5, 'rwelch4', 'hmorrison4@wikia.com', '875cc3958839e081b8cfda3ad8657a2e', 'http://dummyimage.com/137x171.png/dddddd/000000', 'active');
insert into users (id, login, email, password, photo, status) values (6, 'jfowler5', 'mburton5@smh.com.au', '720c98c561cd14748d94e2180aa00c01', 'http://dummyimage.com/143x208.bmp/5fa2dd/ffffff', 'active');
insert into users (id, login, email, password, photo, status) values (7, 'cbrown6', 'thill6@si.edu', '0b7792b259ebd180343423531e436eee', 'http://dummyimage.com/138x244.jpg/5fa2dd/ffffff', 'active');
insert into users (id, login, email, password, photo, status) values (8, 'iwalker7', 'agray7@amazon.co.uk', 'd27c69655fd86eabc883c1836b217542', 'http://dummyimage.com/238x124.jpg/ff4444/ffffff', 'active');
insert into users (id, login, email, password, photo, status) values (9, 'dmitchell8', 'rholmes8@virginia.edu', '627033409dee5c589487062f22c33941', 'http://dummyimage.com/132x198.png/ff4444/ffffff', 'active');
insert into users (id, login, email, password, photo, status) values (10, 'gramirez9', 'wsimpson9@reverbnation.com', '32ab4c0abdb8e82f251fb10da0004711', 'http://dummyimage.com/169x148.png/cc0000/ffffff', 'active');
insert into users (id, login, email, password, photo, status) values (11, 'jarmstronga', 'astanleya@is.gd', '5fef264474bd3f893a2bb1d47839c902', 'http://dummyimage.com/161x199.png/dddddd/000000', 'active');
insert into users (id, login, email, password, photo, status) values (12, 'dcrawfordb', 'arichardsb@bluehost.com', 'cd4aebf675f1ded9fd026194dcedc021', 'http://dummyimage.com/238x178.png/5fa2dd/ffffff', 'active');
insert into users (id, login, email, password, photo, status) values (13, 'fstonec', 'hrogersc@list-manage.com', 'f234dfa5211f87da489ade49744f7c6a', 'http://dummyimage.com/213x166.jpg/ff4444/ffffff', 'active');
insert into users (id, login, email, password, photo, status) values (14, 'dbakerd', 'kcarterd@newyorker.com', 'a6909e4d9db69f58f999d60b75ec88c8', 'http://dummyimage.com/112x176.jpg/cc0000/ffffff', 'active');
insert into users (id, login, email, password, photo, status) values (15, 'mhayese', 'sjonese@storify.com', '65195a2ef6a8b0a034965ec5fc6ecdc5', 'http://dummyimage.com/109x205.png/ff4444/ffffff', 'active');
insert into users (id, login, email, password, photo, status) values (16, 'mjohnstonf', 'jsandersf@usda.gov', '1ea6ebcf0a65c6fc7cc74e4fb7bcb025', 'http://dummyimage.com/244x155.png/5fa2dd/ffffff', 'active');
insert into users (id, login, email, password, photo, status) values (17, 'elopezg', 'dmartinezg@amazon.co.uk', '514b7b89aed9b48c48c4e1f40ec18df8', 'http://dummyimage.com/149x140.bmp/ff4444/ffffff', 'active');
insert into users (id, login, email, password, photo, status) values (18, 'jstewarth', 'dhernandezh@sphinn.com', 'd8357f2a648891ac15110e2cdd355742', 'http://dummyimage.com/234x118.png/cc0000/ffffff', 'active');
insert into users (id, login, email, password, photo, status) values (19, 'msandersi', 'drayi@com.com', 'b9cc6faf2cc08cbdb67de1cd89ff8725', 'http://dummyimage.com/206x128.jpg/dddddd/000000', 'active');
insert into users (id, login, email, password, photo, status) values (20, 'aturnerj', 'rbowmanj@discuz.net', '8598fcdfc7118d041a5b9e69706f13f5', 'http://dummyimage.com/158x121.jpg/5fa2dd/ffffff', 'active');
insert into users (id, login, email, password, photo, status) values (21, 'mhudsonk', 'grileyk@tuttocitta.it', '6116e137e9267931d10aca6ca8d9b671', 'http://dummyimage.com/105x226.jpg/dddddd/000000', 'active');
insert into users (id, login, email, password, photo, status) values (22, 'mpricel', 'mrichardsl@reuters.com', 'e6a1c523e9c4218db2d52fa4a162bdb4', 'http://dummyimage.com/167x201.bmp/cc0000/ffffff', 'active');
insert into users (id, login, email, password, photo, status) values (23, 'ekellym', 'pvasquezm@blog.com', 'c1f1152cf5d3ee2a896dfa374a3d28e4', 'http://dummyimage.com/249x247.jpg/cc0000/ffffff', 'baned');
insert into users (id, login, email, password, photo, status) values (24, 'hromeron', 'twrightn@ameblo.jp', '181f0e8ec5cff4f9a7e8385f63a61e69', 'http://dummyimage.com/187x106.jpg/cc0000/ffffff', 'admin');
insert into users (id, login, email, password, photo, status) values (25, 'gaustino', 'ryoungo@macromedia.com', 'dcf7ea60dcea36813409d92e2d155587', 'http://dummyimage.com/147x186.png/ff4444/ffffff', 'active');
insert into users (id, login, email, password, photo, status) values (26, 'arobertsp', 'mgonzalezp@example.com', '93ef32bfb85aff33ecc833f2efb5bcde', 'http://dummyimage.com/166x145.png/cc0000/ffffff', 'active');
insert into users (id, login, email, password, photo, status) values (27, 'csullivanq', 'dwalkerq@cafepress.com', '9139d2e901c31a5d8d757a4edc37c341', 'http://dummyimage.com/148x128.jpg/5fa2dd/ffffff', 'baned');
insert into users (id, login, email, password, photo, status) values (28, 'hwallacer', 'jlongr@tmall.com', 'a0cf195268ee0560e3a6cfb8bb1fc50e', 'http://dummyimage.com/151x107.jpg/5fa2dd/ffffff', 'active');
insert into users (id, login, email, password, photo, status) values (29, 'jlawsons', 'alawsons@wikimedia.org', '47f42a05db6a57d19ceff949eba98119', 'http://dummyimage.com/135x193.bmp/dddddd/000000', 'active');
insert into users (id, login, email, password, photo, status) values (30, 'jmeyert', 'mjordant@sciencedirect.com', '969a94132c66190d5e2ea037a60779ab', 'http://dummyimage.com/121x200.png/dddddd/000000', 'active');
insert into collections (id, author_id, topic_id, name, description, created, modified, image, status, rating) values (1, 30, 15, 'Quamba', 'Cras mi pede, malesuada in, imperdiet et, commodo vulputate, justo. In blandit ultrices enim. Lorem ipsum dolor sit amet, consectetuer adipiscing elit. Proin interdum mauris non ligula pellentesque ultrices.', '2016-03-24 00:00:00', '2017-02-22 00:00:00', 'http://dummyimage.com/108x112.bmp/dddddd/000000', 'private', 1);
insert into collections (id, author_id, topic_id, name, description, created, modified, image, status, rating) values (2, 2, 2, 'Roombo', 'Nam ultrices, libero non mattis pulvinar, nulla pede ullamcorper augue, a suscipit nulla elit ac nulla. Sed vel enim sit amet nunc viverra dapibus. Nulla suscipit ligula in lacus. Curabitur at ipsum ac tellus semper interdum. Mauris ullamcorper purus sit amet nulla.', '2016-11-10 00:00:00', '2016-06-13 00:00:00', 'http://dummyimage.com/224x224.png/ff4444/ffffff', 'private', 2);
insert into collections (id, author_id, topic_id, name, description, created, modified, image, status, rating) values (3, 3, 3, 'Vinder', 'Nullam orci pede, venenatis non, sodales sed, tincidunt eu, felis.', '2016-06-27 00:00:00', '2017-02-12 00:00:00', 'http://dummyimage.com/193x183.png/ff4444/ffffff', 'private', 3);
insert into collections (id, author_id, topic_id, name, description, created, modified, image, status, rating) values (4, 4, 4, 'Abata', 'Praesent id massa id nisl venenatis lacinia.', '2016-05-29 00:00:00', '2016-04-17 00:00:00', 'http://dummyimage.com/102x236.png/dddddd/000000', 'req', 4);
insert into collections (id, author_id, topic_id, name, description, created, modified, image, status, rating) values (5, 5, 5, 'Devshare', 'Donec dapibus. Duis at velit eu est congue elementum. In hac habitasse platea dictumst. Morbi vestibulum, velit id pretium iaculis, diam erat fermentum justo, nec condimentum neque sapien placerat ante. Nulla justo.', '2016-11-30 00:00:00', '2016-07-27 00:00:00', 'http://dummyimage.com/225x159.bmp/ff4444/ffffff', 'req', 5);
insert into collections (id, author_id, topic_id, name, description, created, modified, image, status, rating) values (6, 6, 6, 'Lazz', 'Integer non velit. Donec diam neque, vestibulum eget, vulputate ut, ultrices vel, augue. Vestibulum ante ipsum primis in faucibus orci luctus et ultrices posuere cubilia Curae; Donec pharetra, magna vestibulum aliquet ultrices, erat tortor sollicitudin mi, sit amet lobortis sapien sapien non mi. Integer ac neque. Duis bibendum.', '2016-09-14 00:00:00', '2016-08-19 00:00:00', 'http://dummyimage.com/182x149.png/ff4444/ffffff', 'public', 6);
insert into collections (id, author_id, topic_id, name, description, created, modified, image, status, rating) values (7, 7, 7, 'Realpoint', 'Nam dui. Proin leo odio, porttitor id, consequat in, consequat ut, nulla. Sed accumsan felis. Ut at dolor quis odio consequat varius. Integer ac leo. Pellentesque ultrices mattis odio.', '2017-03-07 00:00:00', '2017-01-29 00:00:00', 'http://dummyimage.com/124x218.bmp/5fa2dd/ffffff', 'public', 7);
insert into collections (id, author_id, topic_id, name, description, created, modified, image, status, rating) values (8, 8, 8, 'Aimbu', 'Maecenas ut massa quis augue luctus tincidunt. Nulla mollis molestie lorem. Quisque ut erat. Curabitur gravida nisi at nibh. In hac habitasse platea dictumst. Aliquam augue quam, sollicitudin vitae, consectetuer eget, rutrum at, lorem.', '2016-11-12 00:00:00', '2016-10-10 00:00:00', 'http://dummyimage.com/128x176.jpg/5fa2dd/ffffff', 'public', 8);
insert into collections (id, author_id, topic_id, name, description, created, modified, image, status, rating) values (9, 9, 9, 'Yakitri', 'Suspendisse ornare consequat lectus. In est risus, auctor sed, tristique in, tempus sit amet, sem. Fusce consequat. Nulla nisl. Nunc nisl.', '2017-01-20 00:00:00', '2016-09-02 00:00:00', 'http://dummyimage.com/241x115.png/5fa2dd/ffffff', 'req', 9);
insert into collections (id, author_id, topic_id, name, description, created, modified, image, status, rating) values (10, 10, 10, 'Realbridge', 'In hac habitasse platea dictumst. Etiam faucibus cursus urna. Ut tellus. Nulla ut erat id mauris vulputate elementum. Nullam varius. Nulla facilisi.', '2016-10-26 00:00:00', '2016-12-12 00:00:00', 'http://dummyimage.com/227x186.jpg/cc0000/ffffff', 'public', 10);
insert into collections (id, author_id, topic_id, name, description, created, modified, image, status, rating) values (11, 11, 11, 'Dynava', 'Etiam vel augue. Vestibulum rutrum rutrum neque. Aenean auctor gravida sem. Praesent id massa id nisl venenatis lacinia.', '2016-07-19 00:00:00', '2016-08-09 00:00:00', 'http://dummyimage.com/166x103.jpg/5fa2dd/ffffff', 'public', 11);
insert into collections (id, author_id, topic_id, name, description, created, modified, image, status, rating) values (12, 13, 12, 'Meedoo', 'Phasellus id sapien in sapien iaculis congue. Vivamus metus arcu, adipiscing molestie, hendrerit at, vulputate vitae, nisl. Aenean lectus. Pellentesque eget nunc. Donec quis orci eget orci vehicula condimentum.', '2016-08-05 00:00:00', '2017-02-06 00:00:00', 'http://dummyimage.com/188x150.png/ff4444/ffffff', 'req', 12);
insert into collections (id, author_id, topic_id, name, description, created, modified, image, status, rating) values (13, 13, 12, 'Realpointo', 'Sed sagittis. Nam congue, risus semper porta volutpat, quam pede lobortis ligula, sit amet eleifend pede libero quis orci. Nullam molestie nibh in lectus. Pellentesque at nulla. Suspendisse potenti. Cras in purus eu magna vulputate luctus.', '2016-04-19 00:00:00', '2016-05-18 00:00:00', 'http://dummyimage.com/166x243.jpg/cc0000/ffffff', 'public', 13);
insert into collections (id, author_id, topic_id, name, description, created, modified, image, status, rating) values (14, 14, 14, 'Wordify', 'Cum sociis natoque penatibus et magnis dis parturient montes, nascetur ridiculus mus. Etiam vel augue. Vestibulum rutrum rutrum neque.', '2016-09-23 00:00:00', '2016-11-20 00:00:00', 'http://dummyimage.com/211x187.png/dddddd/000000', 'private', 14);
insert into collections (id, author_id, topic_id, name, description, created, modified, image, status, rating) values (15, 15, 1, 'Dazzlesphere', 'Cras in purus eu magna vulputate luctus. Cum sociis natoque penatibus et magnis dis parturient montes, nascetur ridiculus mus. Vivamus vestibulum sagittis sapien. Cum sociis natoque penatibus et magnis dis parturient montes, nascetur ridiculus mus.', '2016-03-10 00:00:00', '2016-12-03 00:00:00', 'http://dummyimage.com/113x129.jpg/cc0000/ffffff', 'req', 15);
insert into collections (id, author_id, topic_id, name, description, created, modified, image, status, rating) values (16, 16, 2, 'Brightdog', 'Sed accumsan felis. Ut at dolor quis odio consequat varius. Integer ac leo. Pellentesque ultrices mattis odio.', '2016-03-11 00:00:00', '2016-06-07 00:00:00', 'http://dummyimage.com/144x108.bmp/5fa2dd/ffffff', 'private', 16);
insert into collections (id, author_id, topic_id, name, description, created, modified, image, status, rating) values (17, 17, 6, 'Tagcat', 'Nunc purus. Phasellus in felis. Donec semper sapien a libero.', '2016-10-17 00:00:00', '2016-10-30 00:00:00', 'http://dummyimage.com/111x210.bmp/5fa2dd/ffffff', 'private', 17);
insert into collections (id, author_id, topic_id, name, description, created, modified, image, status, rating) values (18, 18, 7, 'Kaymbo', 'Vivamus vestibulum sagittis sapien. Cum sociis natoque penatibus et magnis dis parturient montes, nascetur ridiculus mus. Etiam vel augue. Vestibulum rutrum rutrum neque.', '2016-12-02 00:00:00', '2016-05-28 00:00:00', 'http://dummyimage.com/177x169.png/ff4444/ffffff', 'private', 18);
insert into collections (id, author_id, topic_id, name, description, created, modified, image, status, rating) values (19, 19, 8, 'Voolith', 'Morbi ut odio. Cras mi pede, malesuada in, imperdiet et, commodo vulputate, justo. In blandit ultrices enim. Lorem ipsum dolor sit amet, consectetuer adipiscing elit.', '2016-12-28 00:00:00', '2017-02-13 00:00:00', 'http://dummyimage.com/138x192.png/5fa2dd/ffffff', 'private', 19);
insert into collections (id, author_id, topic_id, name, description, created, modified, image, status, rating) values (20, 20, 2, 'Voonte', 'Vivamus tortor. Duis mattis egestas metus. Aenean fermentum.', '2016-08-30', '2017-02-20', 'http://dummyimage.com/152x238.bmp/ff4444/ffffff', 'public', 20);
insert into collections (id, author_id, topic_id, name, description, created, modified, image, status, rating) values (21, 21, 1, 'Devpoint', 'Aenean auctor gravida sem. Praesent id massa id nisl venenatis lacinia. Aenean sit amet justo. Morbi ut odio. Cras mi pede, malesuada in, imperdiet et, commodo vulputate, justo.', '2016-12-17 00:00:00', '2016-04-02 00:00:00', 'http://dummyimage.com/222x210.png/cc0000/ffffff', 'private', 21);
insert into collections (id, author_id, topic_id, name, description, created, modified, image, status, rating) values (22, 22, 2, 'Ozu', 'Nulla justo. Aliquam quis turpis eget elit sodales scelerisque. Mauris sit amet eros. Suspendisse accumsan tortor quis turpis.', '2017-01-09 00:00:00', '2016-04-03 00:00:00', 'http://dummyimage.com/145x187.jpg/cc0000/ffffff', 'private', 22);
insert into collections (id, author_id, topic_id, name, description, created, modified, image, status, rating) values (23, 20, 4, 'Wordware', 'Cum sociis natoque penatibus et magnis dis parturient montes, nascetur ridiculus mus.', '2016-12-06 00:00:00', '2017-01-30 00:00:00', 'http://dummyimage.com/178x149.png/dddddd/000000', 'private', 23);
insert into collections (id, author_id, topic_id, name, description, created, modified, image, status, rating) values (24, 19, 13, 'Aimbo', 'Aliquam non mauris. Morbi non lectus. Aliquam sit amet diam in magna bibendum imperdiet. Nullam orci pede, venenatis non, sodales sed, tincidunt eu, felis. Fusce posuere felis sed lacus. Morbi sem mauris, laoreet ut, rhoncus aliquet, pulvinar sed, nisl.', '2016-10-28 00:00:00', '2017-01-12 00:00:00', 'http://dummyimage.com/224x162.jpg/cc0000/ffffff', 'req', 24);
insert into collections (id, author_id, topic_id, name, description, created, modified, image, status, rating) values (25, 17, 10, 'Tagfeed', 'Morbi porttitor lorem id ligula. Suspendisse ornare consequat lectus. In est risus, auctor sed, tristique in, tempus sit amet, sem. Fusce consequat. Nulla nisl.', '2016-12-14 00:00:00', '2016-11-17 00:00:00', 'http://dummyimage.com/167x123.bmp/cc0000/ffffff', 'private', 25);
insert into collections (id, author_id, topic_id, name, description, created, modified, image, status, rating) values (26, 10, 11, 'Skivee', 'Praesent blandit lacinia erat.', '2016-07-17 00:00:00', '2016-06-24 00:00:00', 'http://dummyimage.com/185x237.jpg/5fa2dd/ffffff', 'public', 26);
insert into collections (id, author_id, topic_id, name, description, created, modified, image, status, rating) values (27, 9, 15, 'Bubblebox', 'Integer a nibh. In quis justo. Maecenas rhoncus aliquam lacus. Morbi quis tortor id nulla ultrices aliquet. Maecenas leo odio, condimentum id, luctus nec, molestie sed, justo.', '2016-04-28 00:00:00', '2016-11-02 00:00:00', 'http://dummyimage.com/132x220.bmp/5fa2dd/ffffff', 'public', 27);
insert into collections (id, author_id, topic_id, name, description, created, modified, image, status, rating) values (28, 8, 1, 'Wikivu', 'In quis justo. Maecenas rhoncus aliquam lacus.', '2016-04-30 00:00:00', '2016-03-28 00:00:00', 'http://dummyimage.com/214x163.png/dddddd/000000', 'public', 28);
insert into collections (id, author_id, topic_id, name, description, created, modified, image, status, rating) values (29, 5, 8, 'Skivy', 'Aenean lectus. Pellentesque eget nunc.', '2016-09-21 00:00:00', '2016-04-16 00:00:00', 'http://dummyimage.com/182x223.jpg/dddddd/000000', 'public', 29);
insert into collections (id, author_id, topic_id, name, description, created, modified, image, status, rating) values (30, 12, 9, 'Brainverse', 'Vivamus metus arcu, adipiscing molestie, hendrerit at, vulputate vitae, nisl. Aenean lectus. Pellentesque eget nunc. Donec quis orci eget orci vehicula condimentum. Curabitur in libero ut massa volutpat convallis. Morbi odio odio, elementum eu, interdum eu, tincidunt in, leo.', '2016-06-18 00:00:00', '2017-03-05 00:00:00', 'http://dummyimage.com/196x126.jpg/cc0000/ffffff', 'public', 30);
insert into collections (id, author_id, topic_id, name, description, created, modified, image, status, rating) values (31, 30, 14, 'Dabvine', 'Vivamus in felis eu sapien cursus vestibulum.', '2016-09-13 00:00:00', '2016-04-19 00:00:00', 'http://dummyimage.com/132x245.bmp/dddddd/000000', 'public', 31);
insert into collections (id, author_id, topic_id, name, description, created, modified, image, status, rating) values (32, 12, 13, 'Ooba', 'Nam ultrices, libero non mattis pulvinar, nulla pede ullamcorper augue, a suscipit nulla elit ac nulla. Sed vel enim sit amet nunc viverra dapibus.', '2016-07-10 00:00:00', '2016-07-11 00:00:00', 'http://dummyimage.com/208x196.jpg/cc0000/ffffff', 'private', 32);
insert into collections (id, author_id, topic_id, name, description, created, modified, image, status, rating) values (33, 11, 3, 'Jabbertype', 'Nulla nisl. Nunc nisl. Duis bibendum, felis sed interdum venenatis, turpis enim blandit mi, in porttitor pede justo eu massa.', '2016-12-09 00:00:00', '2016-09-19 00:00:00', 'http://dummyimage.com/147x141.jpg/cc0000/ffffff', 'public', 33);
insert into collections (id, author_id, topic_id, name, description, created, modified, image, status, rating) values (34, 18, 4, 'Kazio', 'Nullam porttitor lacus at turpis. Donec posuere metus vitae ipsum. Aliquam non mauris. Morbi non lectus. Aliquam sit amet diam in magna bibendum imperdiet.', '2016-09-05 00:00:00', '2016-03-29 00:00:00', 'http://dummyimage.com/225x141.jpg/cc0000/ffffff', 'public', 34);
insert into collections (id, author_id, topic_id, name, description, created, modified, image, status, rating) values (35, 16, 15, 'Yotz', 'In hac habitasse platea dictumst. Morbi vestibulum, velit id pretium iaculis, diam erat fermentum justo, nec condimentum neque sapien placerat ante. Nulla justo.', '2017-01-30 00:00:00', '2017-02-07 00:00:00', 'http://dummyimage.com/156x219.png/dddddd/000000', 'private', 35);
insert into cards (id, collection_id, question, answer, question_image, answer_image) values (1, 1, 'Morbi porttitor lorem id ligula. Suspendisse ornare consequat lectus.', 'Proin risus. Praesent lectus. Vestibulum quam sapien, varius ut, blandit non, interdum in, ante. Vestibulum ante ipsum primis in faucibus orci luctus et ultrices posuere cubilia Curae; Duis faucibus accumsan odio. Curabitur convallis.', 'http://dummyimage.com/162x229.bmp/ff4444/ffffff', 'http://dummyimage.com/236x230.png/5fa2dd/ffffff');
insert into cards (id, collection_id, question, answer, question_image, answer_image) values (2, 2, 'Duis at velit eu est congue elementum.', 'Curabitur convallis. Duis consequat dui nec nisi volutpat eleifend. Donec ut dolor. Morbi vel lectus in quam fringilla rhoncus.', 'http://dummyimage.com/104x104.png/5fa2dd/ffffff', 'http://dummyimage.com/192x147.jpg/ff4444/ffffff');
insert into cards (id, collection_id, question, answer, question_image, answer_image) values (3, 3, 'Suspendisse potenti. Cras in purus eu magna vulputate luctus. Cum sociis natoque penatibus et magnis dis parturient montes, nascetur ridiculus mus.', 'Etiam vel augue. Vestibulum rutrum rutrum neque. Aenean auctor gravida sem. Praesent id massa id nisl venenatis lacinia. Aenean sit amet justo. Morbi ut odio.', 'http://dummyimage.com/129x216.jpg/cc0000/ffffff', 'http://dummyimage.com/109x247.jpg/cc0000/ffffff');
insert into cards (id, collection_id, question, answer, question_image, answer_image) values (4, 4, 'Vestibulum ante ipsum primis in faucibus orci luctus et ultrices posuere cubilia Curae; Duis faucibus accumsan odio. Curabitur convallis. Duis consequat dui nec nisi volutpat eleifend.', 'Curabitur convallis. Duis consequat dui nec nisi volutpat eleifend. Donec ut dolor. Morbi vel lectus in quam fringilla rhoncus. Mauris enim leo, rhoncus sed, vestibulum sit amet, cursus id, turpis.', 'http://dummyimage.com/141x110.bmp/cc0000/ffffff', 'http://dummyimage.com/125x145.png/dddddd/000000');
insert into cards (id, collection_id, question, answer, question_image, answer_image) values (5, 5, 'Integer aliquet, massa id lobortis convallis, tortor risus dapibus augue, vel accumsan tellus nisi eu orci.', 'Curabitur in libero ut massa volutpat convallis. Morbi odio odio, elementum eu, interdum eu, tincidunt in, leo.', 'http://dummyimage.com/177x238.jpg/5fa2dd/ffffff', 'http://dummyimage.com/233x178.bmp/ff4444/ffffff');
insert into cards (id, collection_id, question, answer, question_image, answer_image) values (6, 6, 'Suspendisse ornare consequat lectus.', 'Donec ut mauris eget massa tempor convallis. Nulla neque libero, convallis eget, eleifend luctus, ultricies eu, nibh. Quisque id justo sit amet sapien dignissim vestibulum. Vestibulum ante ipsum primis in faucibus orci luctus et ultrices posuere cubilia Curae; Nulla dapibus dolor vel est.', 'http://dummyimage.com/201x224.png/cc0000/ffffff', 'http://dummyimage.com/109x244.bmp/5fa2dd/ffffff');
insert into cards (id, collection_id, question, answer, question_image, answer_image) values (7, 7, 'Lorem ipsum dolor sit amet, consectetuer adipiscing elit. Proin interdum mauris non ligula pellentesque ultrices. Phasellus id sapien in sapien iaculis congue.', 'Aliquam quis turpis eget elit sodales scelerisque.', 'http://dummyimage.com/175x170.bmp/cc0000/ffffff', 'http://dummyimage.com/114x156.bmp/5fa2dd/ffffff');
insert into cards (id, collection_id, question, answer, question_image, answer_image) values (8, 8, 'Fusce congue, diam id ornare imperdiet, sapien urna pretium nisl, ut volutpat sapien arcu sed augue.', 'Praesent lectus. Vestibulum quam sapien, varius ut, blandit non, interdum in, ante.', 'http://dummyimage.com/170x211.jpg/ff4444/ffffff', 'http://dummyimage.com/181x186.png/dddddd/000000');
insert into cards (id, collection_id, question, answer, question_image, answer_image) values (9, 9, 'In est risus, auctor sed, tristique in, tempus sit amet, sem.', 'In hac habitasse platea dictumst. Morbi vestibulum, velit id pretium iaculis, diam erat fermentum justo, nec condimentum neque sapien placerat ante. Nulla justo.', 'http://dummyimage.com/132x109.png/cc0000/ffffff', 'http://dummyimage.com/135x198.jpg/cc0000/ffffff');
insert into cards (id, collection_id, question, answer, question_image, answer_image) values (10, 10, 'Duis consequat dui nec nisi volutpat eleifend. Donec ut dolor.', 'Pellentesque ultrices mattis odio. Donec vitae nisi. Nam ultrices, libero non mattis pulvinar, nulla pede ullamcorper augue, a suscipit nulla elit ac nulla. Sed vel enim sit amet nunc viverra dapibus. Nulla suscipit ligula in lacus. Curabitur at ipsum ac tellus semper interdum.', 'http://dummyimage.com/226x141.bmp/ff4444/ffffff', 'http://dummyimage.com/193x178.jpg/ff4444/ffffff');
insert into cards (id, collection_id, question, answer, question_image, answer_image) values (11, 11, 'Ut tellus. Nulla ut erat id mauris vulputate elementum. Nullam varius.', 'Integer ac neque. Duis bibendum.', 'http://dummyimage.com/104x153.jpg/dddddd/000000', 'http://dummyimage.com/192x118.bmp/ff4444/ffffff');
insert into cards (id, collection_id, question, answer, question_image, answer_image) values (12, 12, 'Vivamus vel nulla eget eros elementum pellentesque. Quisque porta volutpat erat. Quisque erat eros, viverra eget, congue eget, semper rutrum, nulla.', 'Vestibulum ante ipsum primis in faucibus orci luctus et ultrices posuere cubilia Curae; Nulla dapibus dolor vel est. Donec odio justo, sollicitudin ut, suscipit a, feugiat et, eros.', 'http://dummyimage.com/115x211.jpg/ff4444/ffffff', 'http://dummyimage.com/200x236.jpg/cc0000/ffffff');
insert into cards (id, collection_id, question, answer, question_image, answer_image) values (13, 13, 'Donec ut mauris eget massa tempor convallis. Nulla neque libero, convallis eget, eleifend luctus, ultricies eu, nibh.', 'Maecenas pulvinar lobortis est. Phasellus sit amet erat. Nulla tempus. Vivamus in felis eu sapien cursus vestibulum. Proin eu mi.', 'http://dummyimage.com/124x196.bmp/5fa2dd/ffffff', 'http://dummyimage.com/134x235.bmp/ff4444/ffffff');
insert into cards (id, collection_id, question, answer, question_image, answer_image) values (14, 14, 'Vestibulum ante ipsum primis in faucibus orci luctus et ultrices posuere cubilia Curae; Mauris viverra diam vitae quam. Suspendisse potenti.', 'Sed sagittis. Nam congue, risus semper porta volutpat, quam pede lobortis ligula, sit amet eleifend pede libero quis orci. Nullam molestie nibh in lectus. Pellentesque at nulla.', 'http://dummyimage.com/230x118.png/cc0000/ffffff', 'http://dummyimage.com/183x170.png/cc0000/ffffff');
insert into cards (id, collection_id, question, answer, question_image, answer_image) values (15, 15, 'Cras mi pede, malesuada in, imperdiet et, commodo vulputate, justo. In blandit ultrices enim. Lorem ipsum dolor sit amet, consectetuer adipiscing elit.', 'Nulla nisl. Nunc nisl.', 'http://dummyimage.com/199x235.jpg/dddddd/000000', 'http://dummyimage.com/221x168.bmp/5fa2dd/ffffff');
insert into cards (id, collection_id, question, answer, question_image, answer_image) values (16, 16, 'Proin leo odio, porttitor id, consequat in, consequat ut, nulla. Sed accumsan felis.', 'Integer ac leo. Pellentesque ultrices mattis odio. Donec vitae nisi. Nam ultrices, libero non mattis pulvinar, nulla pede ullamcorper augue, a suscipit nulla elit ac nulla. Sed vel enim sit amet nunc viverra dapibus. Nulla suscipit ligula in lacus.', 'http://dummyimage.com/244x159.png/ff4444/ffffff', 'http://dummyimage.com/215x105.bmp/cc0000/ffffff');
insert into cards (id, collection_id, question, answer, question_image, answer_image) values (17, 17, 'Cras non velit nec nisi vulputate nonummy.', 'Maecenas leo odio, condimentum id, luctus nec, molestie sed, justo. Pellentesque viverra pede ac diam. Cras pellentesque volutpat dui.', 'http://dummyimage.com/195x117.bmp/dddddd/000000', 'http://dummyimage.com/153x238.jpg/cc0000/ffffff');
insert into cards (id, collection_id, question, answer, question_image, answer_image) values (18, 18, 'Duis ac nibh. Fusce lacus purus, aliquet at, feugiat non, pretium quis, lectus.', 'Integer ac leo. Pellentesque ultrices mattis odio.', 'http://dummyimage.com/190x245.png/dddddd/000000', 'http://dummyimage.com/237x240.jpg/dddddd/000000');
insert into cards (id, collection_id, question, answer, question_image, answer_image) values (19, 19, 'Proin risus. Praesent lectus. Vestibulum quam sapien, varius ut, blandit non, interdum in, ante.', 'Nam ultrices, libero non mattis pulvinar, nulla pede ullamcorper augue, a suscipit nulla elit ac nulla.', 'http://dummyimage.com/154x195.png/cc0000/ffffff', 'http://dummyimage.com/199x211.png/ff4444/ffffff');
insert into cards (id, collection_id, question, answer, question_image, answer_image) values (20, 20, 'Mauris enim leo, rhoncus sed, vestibulum sit amet, cursus id, turpis. Integer aliquet, massa id lobortis convallis, tortor risus dapibus augue, vel accumsan tellus nisi eu orci.', 'Phasellus sit amet erat. Nulla tempus. Vivamus in felis eu sapien cursus vestibulum. Proin eu mi. Nulla ac enim. In tempor, turpis nec euismod scelerisque, quam turpis adipiscing lorem, vitae mattis nibh ligula nec sem.', 'http://dummyimage.com/216x213.bmp/dddddd/000000', 'http://dummyimage.com/249x223.png/dddddd/000000');
insert into cards (id, collection_id, question, answer, question_image, answer_image) values (21, 21, 'Sed accumsan felis. Ut at dolor quis odio consequat varius.', 'Donec ut mauris eget massa tempor convallis. Nulla neque libero, convallis eget, eleifend luctus, ultricies eu, nibh. Quisque id justo sit amet sapien dignissim vestibulum. Vestibulum ante ipsum primis in faucibus orci luctus et ultrices posuere cubilia Curae; Nulla dapibus dolor vel est. Donec odio justo, sollicitudin ut, suscipit a, feugiat et, eros. Vestibulum ac est lacinia nisi venenatis tristique.', 'http://dummyimage.com/132x142.bmp/ff4444/ffffff', 'http://dummyimage.com/239x175.bmp/cc0000/ffffff');
insert into cards (id, collection_id, question, answer, question_image, answer_image) values (22, 22, 'In blandit ultrices enim. Lorem ipsum dolor sit amet, consectetuer adipiscing elit. Proin interdum mauris non ligula pellentesque ultrices.', 'Vivamus metus arcu, adipiscing molestie, hendrerit at, vulputate vitae, nisl. Aenean lectus. Pellentesque eget nunc. Donec quis orci eget orci vehicula condimentum. Curabitur in libero ut massa volutpat convallis.', 'http://dummyimage.com/120x192.png/ff4444/ffffff', 'http://dummyimage.com/130x113.png/5fa2dd/ffffff');
insert into cards (id, collection_id, question, answer, question_image, answer_image) values (23, 23, 'Mauris enim leo, rhoncus sed, vestibulum sit amet, cursus id, turpis.', 'Aenean auctor gravida sem.', 'http://dummyimage.com/207x135.bmp/5fa2dd/ffffff', 'http://dummyimage.com/174x230.jpg/5fa2dd/ffffff');
insert into cards (id, collection_id, question, answer, question_image, answer_image) values (24, 24, 'Suspendisse ornare consequat lectus. In est risus, auctor sed, tristique in, tempus sit amet, sem. Fusce consequat.', 'Donec diam neque, vestibulum eget, vulputate ut, ultrices vel, augue. Vestibulum ante ipsum primis in faucibus orci luctus et ultrices posuere cubilia Curae; Donec pharetra, magna vestibulum aliquet ultrices, erat tortor sollicitudin mi, sit amet lobortis sapien sapien non mi. Integer ac neque.', 'http://dummyimage.com/217x160.bmp/ff4444/ffffff', 'http://dummyimage.com/111x130.png/dddddd/000000');
insert into cards (id, collection_id, question, answer, question_image, answer_image) values (25, 25, 'Integer a nibh.', 'Nullam varius. Nulla facilisi. Cras non velit nec nisi vulputate nonummy. Maecenas tincidunt lacus at velit. Vivamus vel nulla eget eros elementum pellentesque. Quisque porta volutpat erat. Quisque erat eros, viverra eget, congue eget, semper rutrum, nulla.', 'http://dummyimage.com/191x125.png/dddddd/000000', 'http://dummyimage.com/136x175.png/ff4444/ffffff');
insert into cards (id, collection_id, question, answer, question_image, answer_image) values (26, 26, 'Morbi non quam nec dui luctus rutrum.', 'Aliquam quis turpis eget elit sodales scelerisque.', 'http://dummyimage.com/108x154.png/cc0000/ffffff', 'http://dummyimage.com/236x109.png/dddddd/000000');
insert into cards (id, collection_id, question, answer, question_image, answer_image) values (27, 27, 'Vestibulum ac est lacinia nisi venenatis tristique.', 'Vivamus tortor. Duis mattis egestas metus. Aenean fermentum.', 'http://dummyimage.com/127x112.bmp/cc0000/ffffff', 'http://dummyimage.com/139x213.png/5fa2dd/ffffff');
insert into cards (id, collection_id, question, answer, question_image, answer_image) values (28, 28, 'Etiam faucibus cursus urna.', 'In sagittis dui vel nisl.', 'http://dummyimage.com/239x116.png/ff4444/ffffff', 'http://dummyimage.com/172x191.jpg/dddddd/000000');
insert into cards (id, collection_id, question, answer, question_image, answer_image) values (29, 29, 'Lorem ipsum dolor sit amet, consectetuer adipiscing elit. Proin interdum mauris non ligula pellentesque ultrices.', 'Donec dapibus. Duis at velit eu est congue elementum. In hac habitasse platea dictumst. Morbi vestibulum, velit id pretium iaculis, diam erat fermentum justo, nec condimentum neque sapien placerat ante. Nulla justo. Aliquam quis turpis eget elit sodales scelerisque.', 'http://dummyimage.com/236x225.jpg/cc0000/ffffff', 'http://dummyimage.com/231x223.jpg/cc0000/ffffff');
insert into cards (id, collection_id, question, answer, question_image, answer_image) values (30, 30, 'Nulla facilisi. Cras non velit nec nisi vulputate nonummy. Maecenas tincidunt lacus at velit.', 'Vestibulum ante ipsum primis in faucibus orci luctus et ultrices posuere cubilia Curae; Mauris viverra diam vitae quam. Suspendisse potenti. Nullam porttitor lacus at turpis. Donec posuere metus vitae ipsum.', 'http://dummyimage.com/231x122.png/dddddd/000000', 'http://dummyimage.com/104x161.png/dddddd/000000');
insert into cards (id, collection_id, question, answer, question_image, answer_image) values (31, 31, 'Suspendisse accumsan tortor quis turpis.', 'Maecenas pulvinar lobortis est. Phasellus sit amet erat.', 'http://dummyimage.com/239x112.jpg/dddddd/000000', 'http://dummyimage.com/156x145.jpg/cc0000/ffffff');
insert into cards (id, collection_id, question, answer, question_image, answer_image) values (32, 32, 'Cras in purus eu magna vulputate luctus. Cum sociis natoque penatibus et magnis dis parturient montes, nascetur ridiculus mus. Vivamus vestibulum sagittis sapien.', 'Nullam porttitor lacus at turpis. Donec posuere metus vitae ipsum. Aliquam non mauris.', 'http://dummyimage.com/249x238.jpg/ff4444/ffffff', 'http://dummyimage.com/159x135.bmp/dddddd/000000');
insert into cards (id, collection_id, question, answer, question_image, answer_image) values (33, 33, 'Proin leo odio, porttitor id, consequat in, consequat ut, nulla. Sed accumsan felis.', 'Curabitur gravida nisi at nibh. In hac habitasse platea dictumst.', 'http://dummyimage.com/152x181.jpg/ff4444/ffffff', 'http://dummyimage.com/199x221.jpg/dddddd/000000');
insert into cards (id, collection_id, question, answer, question_image, answer_image) values (34, 34, 'Vestibulum ac est lacinia nisi venenatis tristique. Fusce congue, diam id ornare imperdiet, sapien urna pretium nisl, ut volutpat sapien arcu sed augue.', 'Suspendisse potenti. In eleifend quam a odio. In hac habitasse platea dictumst. Maecenas ut massa quis augue luctus tincidunt. Nulla mollis molestie lorem.', 'http://dummyimage.com/126x111.png/dddddd/000000', 'http://dummyimage.com/175x120.bmp/dddddd/000000');
insert into cards (id, collection_id, question, answer, question_image, answer_image) values (35, 35, 'Nulla suscipit ligula in lacus.', 'Proin at turpis a pede posuere nonummy. Integer non velit. Donec diam neque, vestibulum eget, vulputate ut, ultrices vel, augue. Vestibulum ante ipsum primis in faucibus orci luctus et ultrices posuere cubilia Curae; Donec pharetra, magna vestibulum aliquet ultrices, erat tortor sollicitudin mi, sit amet lobortis sapien sapien non mi.', 'http://dummyimage.com/178x202.jpg/ff4444/ffffff', 'http://dummyimage.com/175x159.png/5fa2dd/ffffff');
insert into cards (id, collection_id, question, answer, question_image, answer_image) values (36, 6, 'Proin at turpis a pede posuere nonummy. Integer non velit.', 'Vestibulum sed magna at nunc commodo placerat. Praesent blandit. Nam nulla. Integer pede justo, lacinia eget, tincidunt eget, tempus vel, pede. Morbi porttitor lorem id ligula.', 'http://dummyimage.com/182x179.jpg/dddddd/000000', 'http://dummyimage.com/156x153.bmp/ff4444/ffffff');
insert into cards (id, collection_id, question, answer, question_image, answer_image) values (37, 7, 'Proin risus. Praesent lectus. Vestibulum quam sapien, varius ut, blandit non, interdum in, ante.', 'Nam congue, risus semper porta volutpat, quam pede lobortis ligula, sit amet eleifend pede libero quis orci. Nullam molestie nibh in lectus. Pellentesque at nulla. Suspendisse potenti. Cras in purus eu magna vulputate luctus. Cum sociis natoque penatibus et magnis dis parturient montes, nascetur ridiculus mus.', 'http://dummyimage.com/153x189.bmp/ff4444/ffffff', 'http://dummyimage.com/163x139.png/cc0000/ffffff');
insert into cards (id, collection_id, question, answer, question_image, answer_image) values (38, 8, 'In hac habitasse platea dictumst. Aliquam augue quam, sollicitudin vitae, consectetuer eget, rutrum at, lorem. Integer tincidunt ante vel ipsum.', 'Nulla tellus. In sagittis dui vel nisl. Duis ac nibh. Fusce lacus purus, aliquet at, feugiat non, pretium quis, lectus. Suspendisse potenti. In eleifend quam a odio.', 'http://dummyimage.com/158x238.png/5fa2dd/ffffff', 'http://dummyimage.com/192x190.png/cc0000/ffffff');
insert into cards (id, collection_id, question, answer, question_image, answer_image) values (39, 9, 'Cras mi pede, malesuada in, imperdiet et, commodo vulputate, justo. In blandit ultrices enim. Lorem ipsum dolor sit amet, consectetuer adipiscing elit.', 'Morbi vestibulum, velit id pretium iaculis, diam erat fermentum justo, nec condimentum neque sapien placerat ante. Nulla justo.', 'http://dummyimage.com/218x200.jpg/ff4444/ffffff', 'http://dummyimage.com/135x177.png/ff4444/ffffff');
insert into cards (id, collection_id, question, answer, question_image, answer_image) values (40, 4, 'Vestibulum quam sapien, varius ut, blandit non, interdum in, ante. Vestibulum ante ipsum primis in faucibus orci luctus et ultrices posuere cubilia Curae; Duis faucibus accumsan odio.', 'Maecenas ut massa quis augue luctus tincidunt. Nulla mollis molestie lorem. Quisque ut erat. Curabitur gravida nisi at nibh. In hac habitasse platea dictumst. Aliquam augue quam, sollicitudin vitae, consectetuer eget, rutrum at, lorem. Integer tincidunt ante vel ipsum.', 'http://dummyimage.com/236x154.png/dddddd/000000', 'http://dummyimage.com/131x220.png/ff4444/ffffff');
insert into cards (id, collection_id, question, answer, question_image, answer_image) values (41, 1, 'Vivamus metus arcu, adipiscing molestie, hendrerit at, vulputate vitae, nisl. Aenean lectus.', 'Duis aliquam convallis nunc. Proin at turpis a pede posuere nonummy.', 'http://dummyimage.com/204x146.bmp/cc0000/ffffff', 'http://dummyimage.com/211x161.bmp/5fa2dd/ffffff');
insert into cards (id, collection_id, question, answer, question_image, answer_image) values (42, 2, 'Morbi a ipsum. Integer a nibh.', 'Donec diam neque, vestibulum eget, vulputate ut, ultrices vel, augue. Vestibulum ante ipsum primis in faucibus orci luctus et ultrices posuere cubilia Curae; Donec pharetra, magna vestibulum aliquet ultrices, erat tortor sollicitudin mi, sit amet lobortis sapien sapien non mi.', 'http://dummyimage.com/190x145.bmp/ff4444/ffffff', 'http://dummyimage.com/148x157.bmp/cc0000/ffffff');
insert into cards (id, collection_id, question, answer, question_image, answer_image) values (43, 3, 'In est risus, auctor sed, tristique in, tempus sit amet, sem. Fusce consequat.', 'Quisque erat eros, viverra eget, congue eget, semper rutrum, nulla. Nunc purus. Phasellus in felis. Donec semper sapien a libero. Nam dui. Proin leo odio, porttitor id, consequat in, consequat ut, nulla. Sed accumsan felis.', 'http://dummyimage.com/125x213.bmp/cc0000/ffffff', 'http://dummyimage.com/143x108.bmp/5fa2dd/ffffff');
insert into cards (id, collection_id, question, answer, question_image, answer_image) values (44, 4, 'Suspendisse ornare consequat lectus.', 'Quisque porta volutpat erat. Quisque erat eros, viverra eget, congue eget, semper rutrum, nulla. Nunc purus. Phasellus in felis.', 'http://dummyimage.com/137x183.png/5fa2dd/ffffff', 'http://dummyimage.com/170x192.jpg/5fa2dd/ffffff');
insert into cards (id, collection_id, question, answer, question_image, answer_image) values (45, 5, 'Donec ut dolor. Morbi vel lectus in quam fringilla rhoncus. Mauris enim leo, rhoncus sed, vestibulum sit amet, cursus id, turpis.', 'Donec dapibus. Duis at velit eu est congue elementum. In hac habitasse platea dictumst. Morbi vestibulum, velit id pretium iaculis, diam erat fermentum justo, nec condimentum neque sapien placerat ante.', 'http://dummyimage.com/224x172.png/5fa2dd/ffffff', 'http://dummyimage.com/224x118.bmp/5fa2dd/ffffff');
insert into cards (id, collection_id, question, answer, question_image, answer_image) values (46, 6, 'Nunc nisl.', 'Integer ac neque.', 'http://dummyimage.com/210x210.bmp/cc0000/ffffff', 'http://dummyimage.com/249x217.jpg/dddddd/000000');
insert into cards (id, collection_id, question, answer, question_image, answer_image) values (47, 7, 'Vestibulum ante ipsum primis in faucibus orci luctus et ultrices posuere cubilia Curae; Donec pharetra, magna vestibulum aliquet ultrices, erat tortor sollicitudin mi, sit amet lobortis sapien sapien non mi. Integer ac neque.', 'Vivamus in felis eu sapien cursus vestibulum. Proin eu mi. Nulla ac enim. In tempor, turpis nec euismod scelerisque, quam turpis adipiscing lorem, vitae mattis nibh ligula nec sem.', 'http://dummyimage.com/247x241.png/cc0000/ffffff', 'http://dummyimage.com/211x154.bmp/cc0000/ffffff');
insert into cards (id, collection_id, question, answer, question_image, answer_image) values (48, 8, 'Nulla tempus.', 'Vestibulum rutrum rutrum neque. Aenean auctor gravida sem. Praesent id massa id nisl venenatis lacinia. Aenean sit amet justo. Morbi ut odio. Cras mi pede, malesuada in, imperdiet et, commodo vulputate, justo. In blandit ultrices enim.', 'http://dummyimage.com/176x226.bmp/ff4444/ffffff', 'http://dummyimage.com/150x198.png/ff4444/ffffff');
insert into cards (id, collection_id, question, answer, question_image, answer_image) values (49, 9, 'Vivamus metus arcu, adipiscing molestie, hendrerit at, vulputate vitae, nisl.', 'Vestibulum rutrum rutrum neque. Aenean auctor gravida sem. Praesent id massa id nisl venenatis lacinia. Aenean sit amet justo. Morbi ut odio. Cras mi pede, malesuada in, imperdiet et, commodo vulputate, justo. In blandit ultrices enim.', 'http://dummyimage.com/116x242.png/ff4444/ffffff', 'http://dummyimage.com/169x150.jpg/5fa2dd/ffffff');
insert into cards (id, collection_id, question, answer, question_image, answer_image) values (50, 5, 'Fusce posuere felis sed lacus. Morbi sem mauris, laoreet ut, rhoncus aliquet, pulvinar sed, nisl. Nunc rhoncus dui vel sem.', 'Duis aliquam convallis nunc. Proin at turpis a pede posuere nonummy.', 'http://dummyimage.com/175x154.bmp/dddddd/000000', 'http://dummyimage.com/219x215.bmp/dddddd/000000');
insert into cards (id, collection_id, question, answer, question_image, answer_image) values (51, 1, 'Morbi odio odio, elementum eu, interdum eu, tincidunt in, leo. Maecenas pulvinar lobortis est.', 'Curabitur at ipsum ac tellus semper interdum.', 'http://dummyimage.com/130x229.bmp/cc0000/ffffff', 'http://dummyimage.com/101x220.png/ff4444/ffffff');
insert into cards (id, collection_id, question, answer, question_image, answer_image) values (52, 2, 'Nunc purus. Phasellus in felis. Donec semper sapien a libero.', 'Quisque porta volutpat erat. Quisque erat eros, viverra eget, congue eget, semper rutrum, nulla. Nunc purus. Phasellus in felis. Donec semper sapien a libero.', 'http://dummyimage.com/224x219.bmp/dddddd/000000', 'http://dummyimage.com/173x183.bmp/5fa2dd/ffffff');
insert into cards (id, collection_id, question, answer, question_image, answer_image) values (53, 3, 'Proin leo odio, porttitor id, consequat in, consequat ut, nulla. Sed accumsan felis.', 'Fusce lacus purus, aliquet at, feugiat non, pretium quis, lectus. Suspendisse potenti. In eleifend quam a odio. In hac habitasse platea dictumst.', 'http://dummyimage.com/103x182.jpg/cc0000/ffffff', 'http://dummyimage.com/111x111.png/ff4444/ffffff');
insert into cards (id, collection_id, question, answer, question_image, answer_image) values (54, 4, 'Cras pellentesque volutpat dui. Maecenas tristique, est et tempus semper, est quam pharetra magna, ac consequat metus sapien ut nunc. Vestibulum ante ipsum primis in faucibus orci luctus et ultrices posuere cubilia Curae; Mauris viverra diam vitae quam.', 'Suspendisse potenti. Nullam porttitor lacus at turpis. Donec posuere metus vitae ipsum. Aliquam non mauris. Morbi non lectus.', 'http://dummyimage.com/247x146.bmp/dddddd/000000', 'http://dummyimage.com/130x147.bmp/ff4444/ffffff');
insert into cards (id, collection_id, question, answer, question_image, answer_image) values (55, 5, 'Suspendisse potenti. Nullam porttitor lacus at turpis.', 'Nam congue, risus semper porta volutpat, quam pede lobortis ligula, sit amet eleifend pede libero quis orci. Nullam molestie nibh in lectus. Pellentesque at nulla. Suspendisse potenti. Cras in purus eu magna vulputate luctus. Cum sociis natoque penatibus et magnis dis parturient montes, nascetur ridiculus mus.', 'http://dummyimage.com/102x103.jpg/ff4444/ffffff', 'http://dummyimage.com/114x132.png/cc0000/ffffff');
insert into cards (id, collection_id, question, answer, question_image, answer_image) values (56, 6, 'Nullam sit amet turpis elementum ligula vehicula consequat. Morbi a ipsum.', 'Aliquam erat volutpat. In congue. Etiam justo. Etiam pretium iaculis justo. In hac habitasse platea dictumst. Etiam faucibus cursus urna.', 'http://dummyimage.com/250x151.bmp/dddddd/000000', 'http://dummyimage.com/143x115.bmp/cc0000/ffffff');
insert into cards (id, collection_id, question, answer, question_image, answer_image) values (57, 7, 'Donec ut dolor. Morbi vel lectus in quam fringilla rhoncus.', 'Etiam faucibus cursus urna. Ut tellus. Nulla ut erat id mauris vulputate elementum. Nullam varius.', 'http://dummyimage.com/178x244.jpg/ff4444/ffffff', 'http://dummyimage.com/114x135.png/ff4444/ffffff');
insert into cards (id, collection_id, question, answer, question_image, answer_image) values (58, 8, 'Nulla ut erat id mauris vulputate elementum. Nullam varius.', 'Nunc rhoncus dui vel sem. Sed sagittis. Nam congue, risus semper porta volutpat, quam pede lobortis ligula, sit amet eleifend pede libero quis orci.', 'http://dummyimage.com/218x240.bmp/cc0000/ffffff', 'http://dummyimage.com/108x113.jpg/dddddd/000000');
insert into cards (id, collection_id, question, answer, question_image, answer_image) values (59, 9, 'Duis consequat dui nec nisi volutpat eleifend. Donec ut dolor. Morbi vel lectus in quam fringilla rhoncus.', 'Morbi ut odio. Cras mi pede, malesuada in, imperdiet et, commodo vulputate, justo. In blandit ultrices enim.', 'http://dummyimage.com/108x196.jpg/5fa2dd/ffffff', 'http://dummyimage.com/201x215.bmp/dddddd/000000');
insert into cards (id, collection_id, question, answer, question_image, answer_image) values (60, 6, 'Etiam justo. Etiam pretium iaculis justo.', 'Praesent lectus. Vestibulum quam sapien, varius ut, blandit non, interdum in, ante.', 'http://dummyimage.com/181x173.png/5fa2dd/ffffff', 'http://dummyimage.com/153x233.bmp/ff4444/ffffff');
insert into topic_categories (topic_id, category_id) values (1, 1);
insert into topic_categories (topic_id, category_id) values (2, 2);
insert into topic_categories (topic_id, category_id) values (3, 3);
insert into topic_categories (topic_id, category_id) values (4, 4);
insert into topic_categories (topic_id, category_id) values (5, 5);
insert into topic_categories (topic_id, category_id) values (6, 6);
insert into topic_categories (topic_id, category_id) values (7, 7);
insert into topic_categories (topic_id, category_id) values (8, 8);
insert into topic_categories (topic_id, category_id) values (9, 1);
insert into topic_categories (topic_id, category_id) values (10, 1);
insert into topic_categories (topic_id, category_id) values (11, 8);
insert into topic_categories (topic_id, category_id) values (12, 4);
insert into topic_categories (topic_id, category_id) values (13, 5);
insert into topic_categories (topic_id, category_id) values (14, 2);
insert into topic_categories (topic_id, category_id) values (15, 5);
insert into topic_categories (topic_id, category_id) values (1, 6);
insert into topic_categories (topic_id, category_id) values (4, 7);
insert into topic_categories (topic_id, category_id) values (9, 8);
insert into topic_categories (topic_id, category_id) values (9, 4);
insert into topic_categories (topic_id, category_id) values (15, 3);